variant_name,source_kind,role,board_family,search_tier,eval_tier,probe,position,bestmove,legal,error
phase1_minimax,control,worst_preset,Bitboards,minimax,material_eval,startpos,position startpos,a2a3,PASS,
phase1_minimax,control,worst_preset,Bitboards,minimax,material_eval,castle_tension,position fen r3k2r/pppq1ppp/2n1bn2/3pp3/3PP3/2N1BN2/PPP2PPP/R2Q1RK1 w kq - 0 9,e4d5,PASS,
phase1_minimax,control,worst_preset,Bitboards,minimax,material_eval,en_passant_window,position fen rnbqkbnr/pppp1ppp/8/4p3/3PPp2/8/PPP3PP/RNBQKBNR b KQkq d3 0 3,e5d4,PASS,
phase1_minimax,control,worst_preset,Bitboards,minimax,material_eval,promotion_race,position fen 8/P7/2k5/8/8/8/7p/2K5 w - - 0 1,a7a8q,PASS,
phase2_10x12_ab_pvs_id,control,reference_random,10x12 Board,pvs_id,pst_eval,startpos,position startpos,b1c3,PASS,
phase2_10x12_ab_pvs_id,control,reference_random,10x12 Board,pvs_id,pst_eval,castle_tension,position fen r3k2r/pppq1ppp/2n1bn2/3pp3/3PP3/2N1BN2/PPP2PPP/R2Q1RK1 w kq - 0 9,e4d5,PASS,
phase2_10x12_ab_pvs_id,control,reference_random,10x12 Board,pvs_id,pst_eval,en_passant_window,position fen rnbqkbnr/pppp1ppp/8/4p3/3PPp2/8/PPP3PP/RNBQKBNR b KQkq d3 0 3,d8h4,PASS,
phase2_10x12_ab_pvs_id,control,reference_random,10x12 Board,pvs_id,pst_eval,promotion_race,position fen 8/P7/2k5/8/8/8/7p/2K5 w - - 0 1,a7a8q,PASS,
phase3_full_eval,control,best_preset,Bitboards,pvs_id,rich_eval,startpos,position startpos,e2e4,PASS,
phase3_full_eval,control,best_preset,Bitboards,pvs_id,rich_eval,castle_tension,position fen r3k2r/pppq1ppp/2n1bn2/3pp3/3PP3/2N1BN2/PPP2PPP/R2Q1RK1 w kq - 0 9,e4d5,PASS,
phase3_full_eval,control,best_preset,Bitboards,pvs_id,rich_eval,en_passant_window,position fen rnbqkbnr/pppp1ppp/8/4p3/3PPp2/8/PPP3PP/RNBQKBNR b KQkq d3 0 3,d8h4,PASS,
phase3_full_eval,control,best_preset,Bitboards,pvs_id,rich_eval,promotion_race,position fen 8/P7/2k5/8/8/8/7p/2K5 w - - 0 1,a7a8q,PASS,
strong_variant_02,control,best_empirical,Bitboards,pruning_full,rich_eval,startpos,position startpos,e2e4,PASS,
strong_variant_02,control,best_empirical,Bitboards,pruning_full,rich_eval,castle_tension,position fen r3k2r/pppq1ppp/2n1bn2/3pp3/3PP3/2N1BN2/PPP2PPP/R2Q1RK1 w kq - 0 9,e4d5,PASS,
strong_variant_02,control,best_empirical,Bitboards,pruning_full,rich_eval,en_passant_window,position fen rnbqkbnr/pppp1ppp/8/4p3/3PPp2/8/PPP3PP/RNBQKBNR b KQkq d3 0 3,d8h4,PASS,
strong_variant_02,control,best_empirical,Bitboards,pruning_full,rich_eval,promotion_race,position fen 8/P7/2k5/8/8/8/7p/2K5 w - - 0 1,a7a8q,PASS,
stratified_variant_01,random_sample,sampled,Mailbox,minimax,structural_eval,startpos,position startpos,b1c3,PASS,
stratified_variant_01,random_sample,sampled,Mailbox,minimax,structural_eval,castle_tension,position fen r3k2r/pppq1ppp/2n1bn2/3pp3/3PP3/2N1BN2/PPP2PPP/R2Q1RK1 w kq - 0 9,e4d5,PASS,
stratified_variant_01,random_sample,sampled,Mailbox,minimax,structural_eval,en_passant_window,position fen rnbqkbnr/pppp1ppp/8/4p3/3PPp2/8/PPP3PP/RNBQKBNR b KQkq d3 0 3,d8h4,PASS,
stratified_variant_01,random_sample,sampled,Mailbox,minimax,structural_eval,promotion_race,position fen 8/P7/2k5/8/8/8/7p/2K5 w - - 0 1,a7a8q,PASS,
stratified_variant_02,random_sample,sampled,Bitboards,pruning_full,structural_eval,startpos,position startpos,a2a3,PASS,
stratified_variant_02,random_sample,sampled,Bitboards,pruning_full,structural_eval,castle_tension,position fen r3k2r/pppq1ppp/2n1bn2/3pp3/3PP3/2N1BN2/PPP2PPP/R2Q1RK1 w kq - 0 9,d4e5,PASS,
stratified_variant_02,random_sample,sampled,Bitboards,pruning_full,structural_eval,en_passant_window,position fen rnbqkbnr/pppp1ppp/8/4p3/3PPp2/8/PPP3PP/RNBQKBNR b KQkq d3 0 3,e5d4,PASS,
stratified_variant_02,random_sample,sampled,Bitboards,pruning_full,structural_eval,promotion_race,position fen 8/P7/2k5/8/8/8/7p/2K5 w - - 0 1,a7a8q,PASS,
stratified_variant_03,random_sample,sampled,10x12 Board,pruning_full,rich_eval,startpos,position startpos,b1c3,PASS,
stratified_variant_03,random_sample,sampled,10x12 Board,pruning_full,rich_eval,castle_tension,position fen r3k2r/pppq1ppp/2n1bn2/3pp3/3PP3/2N1BN2/PPP2PPP/R2Q1RK1 w kq - 0 9,d4e5,PASS,
stratified_variant_03,random_sample,sampled,10x12 Board,pruning_full,rich_eval,en_passant_window,position fen rnbqkbnr/pppp1ppp/8/4p3/3PPp2/8/PPP3PP/RNBQKBNR b KQkq d3 0 3,e5d4,PASS,
stratified_variant_03,random_sample,sampled,10x12 Board,pruning_full,rich_eval,promotion_race,position fen 8/P7/2k5/8/8/8/7p/2K5 w - - 0 1,a7a8q,PASS,
stratified_variant_04,random_sample,sampled,0x88,minimax,pst_eval,startpos,position startpos,b1c3,PASS,
stratified_variant_04,random_sample,sampled,0x88,minimax,pst_eval,castle_tension,position fen r3k2r/pppq1ppp/2n1bn2/3pp3/3PP3/2N1BN2/PPP2PPP/R2Q1RK1 w kq - 0 9,d4e5,PASS,
stratified_variant_04,random_sample,sampled,0x88,minimax,pst_eval,en_passant_window,position fen rnbqkbnr/pppp1ppp/8/4p3/3PPp2/8/PPP3PP/RNBQKBNR b KQkq d3 0 3,d8h4,PASS,
stratified_variant_04,random_sample,sampled,0x88,minimax,pst_eval,promotion_race,position fen 8/P7/2k5/8/8/8/7p/2K5 w - - 0 1,a7a8q,PASS,
stratified_variant_05,random_sample,sampled,10x12 Board,negamax,rich_eval,startpos,position startpos,a2a3,PASS,
stratified_variant_05,random_sample,sampled,10x12 Board,negamax,rich_eval,castle_tension,position fen r3k2r/pppq1ppp/2n1bn2/3pp3/3PP3/2N1BN2/PPP2PPP/R2Q1RK1 w kq - 0 9,d4e5,PASS,
stratified_variant_05,random_sample,sampled,10x12 Board,negamax,rich_eval,en_passant_window,position fen rnbqkbnr/pppp1ppp/8/4p3/3PPp2/8/PPP3PP/RNBQKBNR b KQkq d3 0 3,e5d4,PASS,
stratified_variant_05,random_sample,sampled,10x12 Board,negamax,rich_eval,promotion_race,position fen 8/P7/2k5/8/8/8/7p/2K5 w - - 0 1,a7a8q,PASS,
stratified_variant_06,random_sample,sampled,Bitboards,alpha_beta,rich_eval,startpos,position startpos,e2e4,PASS,
stratified_variant_06,random_sample,sampled,Bitboards,alpha_beta,rich_eval,castle_tension,position fen r3k2r/pppq1ppp/2n1bn2/3pp3/3PP3/2N1BN2/PPP2PPP/R2Q1RK1 w kq - 0 9,d4e5,PASS,
stratified_variant_06,random_sample,sampled,Bitboards,alpha_beta,rich_eval,en_passant_window,position fen rnbqkbnr/pppp1ppp/8/4p3/3PPp2/8/PPP3PP/RNBQKBNR b KQkq d3 0 3,d8h4,PASS,
stratified_variant_06,random_sample,sampled,Bitboards,alpha_beta,rich_eval,promotion_race,position fen 8/P7/2k5/8/8/8/7p/2K5 w - - 0 1,a7a8q,PASS,
stratified_variant_07,random_sample,sampled,10x12 Board,minimax,structural_eval,startpos,position startpos,b1c3,PASS,
stratified_variant_07,random_sample,sampled,10x12 Board,minimax,structural_eval,castle_tension,position fen r3k2r/pppq1ppp/2n1bn2/3pp3/3PP3/2N1BN2/PPP2PPP/R2Q1RK1 w kq - 0 9,d4e5,PASS,
stratified_variant_07,random_sample,sampled,10x12 Board,minimax,structural_eval,en_passant_window,position fen rnbqkbnr/pppp1ppp/8/4p3/3PPp2/8/PPP3PP/RNBQKBNR b KQkq d3 0 3,e5d4,PASS,
stratified_variant_07,random_sample,sampled,10x12 Board,minimax,structural_eval,promotion_race,position fen 8/P7/2k5/8/8/8/7p/2K5 w - - 0 1,a7a8q,PASS,
stratified_variant_08,random_sample,sampled,Bitboards,negamax,rich_eval,startpos,position startpos,a2a3,PASS,
stratified_variant_08,random_sample,sampled,Bitboards,negamax,rich_eval,castle_tension,position fen r3k2r/pppq1ppp/2n1bn2/3pp3/3PP3/2N1BN2/PPP2PPP/R2Q1RK1 w kq - 0 9,e4d5,PASS,
stratified_variant_08,random_sample,sampled,Bitboards,negamax,rich_eval,en_passant_window,position fen rnbqkbnr/pppp1ppp/8/4p3/3PPp2/8/PPP3PP/RNBQKBNR b KQkq d3 0 3,e5d4,PASS,
stratified_variant_08,random_sample,sampled,Bitboards,negamax,rich_eval,promotion_race,position fen 8/P7/2k5/8/8/8/7p/2K5 w - - 0 1,a7a8q,PASS,
stratified_variant_09,random_sample,sampled,0x88,pruning_full,rich_eval,startpos,position startpos,g1f3,PASS,
stratified_variant_09,random_sample,sampled,0x88,pruning_full,rich_eval,castle_tension,position fen r3k2r/pppq1ppp/2n1bn2/3pp3/3PP3/2N1BN2/PPP2PPP/R2Q1RK1 w kq - 0 9,e4d5,PASS,
stratified_variant_09,random_sample,sampled,0x88,pruning_full,rich_eval,en_passant_window,position fen rnbqkbnr/pppp1ppp/8/4p3/3PPp2/8/PPP3PP/RNBQKBNR b KQkq d3 0 3,e5d4,PASS,
stratified_variant_09,random_sample,sampled,0x88,pruning_full,rich_eval,promotion_race,position fen 8/P7/2k5/8/8/8/7p/2K5 w - - 0 1,a7a8q,PASS,
stratified_variant_10,random_sample,sampled,Bitboards,minimax,structural_eval,startpos,position startpos,a2a3,PASS,
stratified_variant_10,random_sample,sampled,Bitboards,minimax,structural_eval,castle_tension,position fen r3k2r/pppq1ppp/2n1bn2/3pp3/3PP3/2N1BN2/PPP2PPP/R2Q1RK1 w kq - 0 9,e4d5,PASS,
stratified_variant_10,random_sample,sampled,Bitboards,minimax,structural_eval,en_passant_window,position fen rnbqkbnr/pppp1ppp/8/4p3/3PPp2/8/PPP3PP/RNBQKBNR b KQkq d3 0 3,e5d4,PASS,
stratified_variant_10,random_sample,sampled,Bitboards,minimax,structural_eval,promotion_race,position fen 8/P7/2k5/8/8/8/7p/2K5 w - - 0 1,a7a8q,PASS,
stratified_variant_11,random_sample,sampled,Mailbox,minimax,rich_eval,startpos,position startpos,b1c3,PASS,
stratified_variant_11,random_sample,sampled,Mailbox,minimax,rich_eval,castle_tension,position fen r3k2r/pppq1ppp/2n1bn2/3pp3/3PP3/2N1BN2/PPP2PPP/R2Q1RK1 w kq - 0 9,e4d5,PASS,
stratified_variant_11,random_sample,sampled,Mailbox,minimax,rich_eval,en_passant_window,position fen rnbqkbnr/pppp1ppp/8/4p3/3PPp2/8/PPP3PP/RNBQKBNR b KQkq d3 0 3,d8h4,PASS,
stratified_variant_11,random_sample,sampled,Mailbox,minimax,rich_eval,promotion_race,position fen 8/P7/2k5/8/8/8/7p/2K5 w - - 0 1,a7a8q,PASS,
stratified_variant_12,random_sample,sampled,Bitboards,minimax,rich_eval,startpos,position startpos,e2e4,PASS,
stratified_variant_12,random_sample,sampled,Bitboards,minimax,rich_eval,castle_tension,position fen r3k2r/pppq1ppp/2n1bn2/3pp3/3PP3/2N1BN2/PPP2PPP/R2Q1RK1 w kq - 0 9,e4d5,PASS,
stratified_variant_12,random_sample,sampled,Bitboards,minimax,rich_eval,en_passant_window,position fen rnbqkbnr/pppp1ppp/8/4p3/3PPp2/8/PPP3PP/RNBQKBNR b KQkq d3 0 3,e5d4,PASS,
stratified_variant_12,random_sample,sampled,Bitboards,minimax,rich_eval,promotion_race,position fen 8/P7/2k5/8/8/8/7p/2K5 w - - 0 1,a7a8q,PASS,
stratified_variant_13,random_sample,sampled,Bitboards,pvs_id,rich_eval,startpos,position startpos,e2e4,PASS,
stratified_variant_13,random_sample,sampled,Bitboards,pvs_id,rich_eval,castle_tension,position fen r3k2r/pppq1ppp/2n1bn2/3pp3/3PP3/2N1BN2/PPP2PPP/R2Q1RK1 w kq - 0 9,e4d5,PASS,
stratified_variant_13,random_sample,sampled,Bitboards,pvs_id,rich_eval,en_passant_window,position fen rnbqkbnr/pppp1ppp/8/4p3/3PPp2/8/PPP3PP/RNBQKBNR b KQkq d3 0 3,e5d4,PASS,
stratified_variant_13,random_sample,sampled,Bitboards,pvs_id,rich_eval,promotion_race,position fen 8/P7/2k5/8/8/8/7p/2K5 w - - 0 1,a7a8q,PASS,
stratified_variant_14,random_sample,sampled,Mailbox,pruning_full,structural_eval,startpos,position startpos,a2a3,PASS,
stratified_variant_14,random_sample,sampled,Mailbox,pruning_full,structural_eval,castle_tension,position fen r3k2r/pppq1ppp/2n1bn2/3pp3/3PP3/2N1BN2/PPP2PPP/R2Q1RK1 w kq - 0 9,e4d5,PASS,
stratified_variant_14,random_sample,sampled,Mailbox,pruning_full,structural_eval,en_passant_window,position fen rnbqkbnr/pppp1ppp/8/4p3/3PPp2/8/PPP3PP/RNBQKBNR b KQkq d3 0 3,e5d4,PASS,
stratified_variant_14,random_sample,sampled,Mailbox,pruning_full,structural_eval,promotion_race,position fen 8/P7/2k5/8/8/8/7p/2K5 w - - 0 1,a7a8q,PASS,
stratified_variant_15,random_sample,sampled,Mailbox,pruning_full,rich_eval,startpos,position startpos,g1f3,PASS,
stratified_variant_15,random_sample,sampled,Mailbox,pruning_full,rich_eval,castle_tension,position fen r3k2r/pppq1ppp/2n1bn2/3pp3/3PP3/2N1BN2/PPP2PPP/R2Q1RK1 w kq - 0 9,d4e5,PASS,
stratified_variant_15,random_sample,sampled,Mailbox,pruning_full,rich_eval,en_passant_window,position fen rnbqkbnr/pppp1ppp/8/4p3/3PPp2/8/PPP3PP/RNBQKBNR b KQkq d3 0 3,e5d4,PASS,
stratified_variant_15,random_sample,sampled,Mailbox,pruning_full,rich_eval,promotion_race,position fen 8/P7/2k5/8/8/8/7p/2K5 w - - 0 1,a7a8q,PASS,
stratified_variant_16,random_sample,sampled,Mailbox,alpha_beta,rich_eval,startpos,position startpos,b1c3,PASS,
stratified_variant_16,random_sample,sampled,Mailbox,alpha_beta,rich_eval,castle_tension,position fen r3k2r/pppq1ppp/2n1bn2/3pp3/3PP3/2N1BN2/PPP2PPP/R2Q1RK1 w kq - 0 9,e4d5,PASS,
stratified_variant_16,random_sample,sampled,Mailbox,alpha_beta,rich_eval,en_passant_window,position fen rnbqkbnr/pppp1ppp/8/4p3/3PPp2/8/PPP3PP/RNBQKBNR b KQkq d3 0 3,e5d4,PASS,
stratified_variant_16,random_sample,sampled,Mailbox,alpha_beta,rich_eval,promotion_race,position fen 8/P7/2k5/8/8/8/7p/2K5 w - - 0 1,a7a8q,PASS,
stratified_variant_17,random_sample,sampled,10x12 Board,alpha_beta,rich_eval,startpos,position startpos,b1c3,PASS,
stratified_variant_17,random_sample,sampled,10x12 Board,alpha_beta,rich_eval,castle_tension,position fen r3k2r/pppq1ppp/2n1bn2/3pp3/3PP3/2N1BN2/PPP2PPP/R2Q1RK1 w kq - 0 9,e4d5,PASS,
stratified_variant_17,random_sample,sampled,10x12 Board,alpha_beta,rich_eval,en_passant_window,position fen rnbqkbnr/pppp1ppp/8/4p3/3PPp2/8/PPP3PP/RNBQKBNR b KQkq d3 0 3,e5d4,PASS,
stratified_variant_17,random_sample,sampled,10x12 Board,alpha_beta,rich_eval,promotion_race,position fen 8/P7/2k5/8/8/8/7p/2K5 w - - 0 1,a7a8q,PASS,
stratified_variant_18,random_sample,sampled,Mailbox,minimax,pst_eval,startpos,position startpos,b1c3,PASS,
stratified_variant_18,random_sample,sampled,Mailbox,minimax,pst_eval,castle_tension,position fen r3k2r/pppq1ppp/2n1bn2/3pp3/3PP3/2N1BN2/PPP2PPP/R2Q1RK1 w kq - 0 9,e4d5,PASS,
stratified_variant_18,random_sample,sampled,Mailbox,minimax,pst_eval,en_passant_window,position fen rnbqkbnr/pppp1ppp/8/4p3/3PPp2/8/PPP3PP/RNBQKBNR b KQkq d3 0 3,d8h4,PASS,
stratified_variant_18,random_sample,sampled,Mailbox,minimax,pst_eval,promotion_race,position fen 8/P7/2k5/8/8/8/7p/2K5 w - - 0 1,a7a8q,PASS,
stratified_variant_19,random_sample,sampled,10x12 Board,minimax,rich_eval,startpos,position startpos,g1f3,PASS,
stratified_variant_19,random_sample,sampled,10x12 Board,minimax,rich_eval,castle_tension,position fen r3k2r/pppq1ppp/2n1bn2/3pp3/3PP3/2N1BN2/PPP2PPP/R2Q1RK1 w kq - 0 9,e4d5,PASS,
stratified_variant_19,random_sample,sampled,10x12 Board,minimax,rich_eval,en_passant_window,position fen rnbqkbnr/pppp1ppp/8/4p3/3PPp2/8/PPP3PP/RNBQKBNR b KQkq d3 0 3,d8h4,PASS,
stratified_variant_19,random_sample,sampled,10x12 Board,minimax,rich_eval,promotion_race,position fen 8/P7/2k5/8/8/8/7p/2K5 w - - 0 1,a7a8q,PASS,
stratified_variant_20,random_sample,sampled,0x88,alpha_beta,rich_eval,startpos,position startpos,a2a3,PASS,
stratified_variant_20,random_sample,sampled,0x88,alpha_beta,rich_eval,castle_tension,position fen r3k2r/pppq1ppp/2n1bn2/3pp3/3PP3/2N1BN2/PPP2PPP/R2Q1RK1 w kq - 0 9,d4e5,PASS,
stratified_variant_20,random_sample,sampled,0x88,alpha_beta,rich_eval,en_passant_window,position fen rnbqkbnr/pppp1ppp/8/4p3/3PPp2/8/PPP3PP/RNBQKBNR b KQkq d3 0 3,e5d4,PASS,
stratified_variant_20,random_sample,sampled,0x88,alpha_beta,rich_eval,promotion_race,position fen 8/P7/2k5/8/8/8/7p/2K5 w - - 0 1,a7a8q,PASS,
stratified_variant_21,random_sample,sampled,Bitboards,alpha_beta,structural_eval,startpos,position startpos,e2e4,PASS,
stratified_variant_21,random_sample,sampled,Bitboards,alpha_beta,structural_eval,castle_tension,position fen r3k2r/pppq1ppp/2n1bn2/3pp3/3PP3/2N1BN2/PPP2PPP/R2Q1RK1 w kq - 0 9,e4d5,PASS,
stratified_variant_21,random_sample,sampled,Bitboards,alpha_beta,structural_eval,en_passant_window,position fen rnbqkbnr/pppp1ppp/8/4p3/3PPp2/8/PPP3PP/RNBQKBNR b KQkq d3 0 3,d8h4,PASS,
stratified_variant_21,random_sample,sampled,Bitboards,alpha_beta,structural_eval,promotion_race,position fen 8/P7/2k5/8/8/8/7p/2K5 w - - 0 1,a7a8q,PASS,
stratified_variant_22,random_sample,sampled,Mailbox,negamax,rich_eval,startpos,position startpos,b1c3,PASS,
stratified_variant_22,random_sample,sampled,Mailbox,negamax,rich_eval,castle_tension,position fen r3k2r/pppq1ppp/2n1bn2/3pp3/3PP3/2N1BN2/PPP2PPP/R2Q1RK1 w kq - 0 9,e4d5,PASS,
stratified_variant_22,random_sample,sampled,Mailbox,negamax,rich_eval,en_passant_window,position fen rnbqkbnr/pppp1ppp/8/4p3/3PPp2/8/PPP3PP/RNBQKBNR b KQkq d3 0 3,d8h4,PASS,
stratified_variant_22,random_sample,sampled,Mailbox,negamax,rich_eval,promotion_race,position fen 8/P7/2k5/8/8/8/7p/2K5 w - - 0 1,a7a8q,PASS,
stratified_variant_23,random_sample,sampled,Mailbox,minimax,material_eval,startpos,position startpos,e2e4,PASS,
stratified_variant_23,random_sample,sampled,Mailbox,minimax,material_eval,castle_tension,position fen r3k2r/pppq1ppp/2n1bn2/3pp3/3PP3/2N1BN2/PPP2PPP/R2Q1RK1 w kq - 0 9,d4e5,PASS,
stratified_variant_23,random_sample,sampled,Mailbox,minimax,material_eval,en_passant_window,position fen rnbqkbnr/pppp1ppp/8/4p3/3PPp2/8/PPP3PP/RNBQKBNR b KQkq d3 0 3,e5d4,PASS,
stratified_variant_23,random_sample,sampled,Mailbox,minimax,material_eval,promotion_race,position fen 8/P7/2k5/8/8/8/7p/2K5 w - - 0 1,a7a8q,PASS,
stratified_variant_24,random_sample,sampled,Bitboards,pruning_full,rich_eval,startpos,position startpos,g1f3,PASS,
stratified_variant_24,random_sample,sampled,Bitboards,pruning_full,rich_eval,castle_tension,position fen r3k2r/pppq1ppp/2n1bn2/3pp3/3PP3/2N1BN2/PPP2PPP/R2Q1RK1 w kq - 0 9,d4e5,PASS,
stratified_variant_24,random_sample,sampled,Bitboards,pruning_full,rich_eval,en_passant_window,position fen rnbqkbnr/pppp1ppp/8/4p3/3PPp2/8/PPP3PP/RNBQKBNR b KQkq d3 0 3,e5d4,PASS,
stratified_variant_24,random_sample,sampled,Bitboards,pruning_full,rich_eval,promotion_race,position fen 8/P7/2k5/8/8/8/7p/2K5 w - - 0 1,a7a8q,PASS,
stratified_variant_25,random_sample,sampled,Mailbox,pvs_id,rich_eval,startpos,position startpos,e2e4,PASS,
stratified_variant_25,random_sample,sampled,Mailbox,pvs_id,rich_eval,castle_tension,position fen r3k2r/pppq1ppp/2n1bn2/3pp3/3PP3/2N1BN2/PPP2PPP/R2Q1RK1 w kq - 0 9,d4e5,PASS,
stratified_variant_25,random_sample,sampled,Mailbox,pvs_id,rich_eval,en_passant_window,position fen rnbqkbnr/pppp1ppp/8/4p3/3PPp2/8/PPP3PP/RNBQKBNR b KQkq d3 0 3,e5d4,PASS,
stratified_variant_25,random_sample,sampled,Mailbox,pvs_id,rich_eval,promotion_race,position fen 8/P7/2k5/8/8/8/7p/2K5 w - - 0 1,a7a8q,PASS,
stratified_variant_26,random_sample,sampled,0x88,negamax,rich_eval,startpos,position startpos,b1c3,PASS,
stratified_variant_26,random_sample,sampled,0x88,negamax,rich_eval,castle_tension,position fen r3k2r/pppq1ppp/2n1bn2/3pp3/3PP3/2N1BN2/PPP2PPP/R2Q1RK1 w kq - 0 9,e4d5,PASS,
stratified_variant_26,random_sample,sampled,0x88,negamax,rich_eval,en_passant_window,position fen rnbqkbnr/pppp1ppp/8/4p3/3PPp2/8/PPP3PP/RNBQKBNR b KQkq d3 0 3,e5d4,PASS,
stratified_variant_26,random_sample,sampled,0x88,negamax,rich_eval,promotion_race,position fen 8/P7/2k5/8/8/8/7p/2K5 w - - 0 1,a7a8q,PASS,
stratified_variant_27,random_sample,sampled,10x12 Board,pvs_id,rich_eval,startpos,position startpos,b1c3,PASS,
stratified_variant_27,random_sample,sampled,10x12 Board,pvs_id,rich_eval,castle_tension,position fen r3k2r/pppq1ppp/2n1bn2/3pp3/3PP3/2N1BN2/PPP2PPP/R2Q1RK1 w kq - 0 9,e4d5,PASS,
stratified_variant_27,random_sample,sampled,10x12 Board,pvs_id,rich_eval,en_passant_window,position fen rnbqkbnr/pppp1ppp/8/4p3/3PPp2/8/PPP3PP/RNBQKBNR b KQkq d3 0 3,e5d4,PASS,
stratified_variant_27,random_sample,sampled,10x12 Board,pvs_id,rich_eval,promotion_race,position fen 8/P7/2k5/8/8/8/7p/2K5 w - - 0 1,a7a8q,PASS,
stratified_variant_28,random_sample,sampled,0x88,minimax,structural_eval,startpos,position startpos,b1c3,PASS,
stratified_variant_28,random_sample,sampled,0x88,minimax,structural_eval,castle_tension,position fen r3k2r/pppq1ppp/2n1bn2/3pp3/3PP3/2N1BN2/PPP2PPP/R2Q1RK1 w kq - 0 9,e4d5,PASS,
stratified_variant_28,random_sample,sampled,0x88,minimax,structural_eval,en_passant_window,position fen rnbqkbnr/pppp1ppp/8/4p3/3PPp2/8/PPP3PP/RNBQKBNR b KQkq d3 0 3,e5d4,PASS,
stratified_variant_28,random_sample,sampled,0x88,minimax,structural_eval,promotion_race,position fen 8/P7/2k5/8/8/8/7p/2K5 w - - 0 1,a7a8q,PASS,
stratified_variant_29,random_sample,sampled,Mailbox,alpha_beta,structural_eval,startpos,position startpos,b1c3,PASS,
stratified_variant_29,random_sample,sampled,Mailbox,alpha_beta,structural_eval,castle_tension,position fen r3k2r/pppq1ppp/2n1bn2/3pp3/3PP3/2N1BN2/PPP2PPP/R2Q1RK1 w kq - 0 9,e4d5,PASS,
stratified_variant_29,random_sample,sampled,Mailbox,alpha_beta,structural_eval,en_passant_window,position fen rnbqkbnr/pppp1ppp/8/4p3/3PPp2/8/PPP3PP/RNBQKBNR b KQkq d3 0 3,d8h4,PASS,
stratified_variant_29,random_sample,sampled,Mailbox,alpha_beta,structural_eval,promotion_race,position fen 8/P7/2k5/8/8/8/7p/2K5 w - - 0 1,a7a8q,PASS,
stratified_variant_30,random_sample,sampled,0x88,minimax,rich_eval,startpos,position startpos,b1c3,PASS,
stratified_variant_30,random_sample,sampled,0x88,minimax,rich_eval,castle_tension,position fen r3k2r/pppq1ppp/2n1bn2/3pp3/3PP3/2N1BN2/PPP2PPP/R2Q1RK1 w kq - 0 9,e4d5,PASS,
stratified_variant_30,random_sample,sampled,0x88,minimax,rich_eval,en_passant_window,position fen rnbqkbnr/pppp1ppp/8/4p3/3PPp2/8/PPP3PP/RNBQKBNR b KQkq d3 0 3,d8h4,PASS,
stratified_variant_30,random_sample,sampled,0x88,minimax,rich_eval,promotion_race,position fen 8/P7/2k5/8/8/8/7p/2K5 w - - 0 1,a7a8q,PASS,
stratified_variant_31,random_sample,sampled,Mailbox,minimax,structural_eval,startpos,position startpos,e2e4,PASS,
stratified_variant_31,random_sample,sampled,Mailbox,minimax,structural_eval,castle_tension,position fen r3k2r/pppq1ppp/2n1bn2/3pp3/3PP3/2N1BN2/PPP2PPP/R2Q1RK1 w kq - 0 9,e4d5,PASS,
stratified_variant_31,random_sample,sampled,Mailbox,minimax,structural_eval,en_passant_window,position fen rnbqkbnr/pppp1ppp/8/4p3/3PPp2/8/PPP3PP/RNBQKBNR b KQkq d3 0 3,e5d4,PASS,
stratified_variant_31,random_sample,sampled,Mailbox,minimax,structural_eval,promotion_race,position fen 8/P7/2k5/8/8/8/7p/2K5 w - - 0 1,a7a8q,PASS,
stratified_variant_32,random_sample,sampled,Bitboards,pruning_full,structural_eval,startpos,position startpos,e2e4,PASS,
stratified_variant_32,random_sample,sampled,Bitboards,pruning_full,structural_eval,castle_tension,position fen r3k2r/pppq1ppp/2n1bn2/3pp3/3PP3/2N1BN2/PPP2PPP/R2Q1RK1 w kq - 0 9,e4d5,PASS,
stratified_variant_32,random_sample,sampled,Bitboards,pruning_full,structural_eval,en_passant_window,position fen rnbqkbnr/pppp1ppp/8/4p3/3PPp2/8/PPP3PP/RNBQKBNR b KQkq d3 0 3,e5d4,PASS,
stratified_variant_32,random_sample,sampled,Bitboards,pruning_full,structural_eval,promotion_race,position fen 8/P7/2k5/8/8/8/7p/2K5 w - - 0 1,a7a8q,PASS,
stratified_variant_33,random_sample,sampled,10x12 Board,pruning_full,rich_eval,startpos,position startpos,e2e4,PASS,
stratified_variant_33,random_sample,sampled,10x12 Board,pruning_full,rich_eval,castle_tension,position fen r3k2r/pppq1ppp/2n1bn2/3pp3/3PP3/2N1BN2/PPP2PPP/R2Q1RK1 w kq - 0 9,d4e5,PASS,
stratified_variant_33,random_sample,sampled,10x12 Board,pruning_full,rich_eval,en_passant_window,position fen rnbqkbnr/pppp1ppp/8/4p3/3PPp2/8/PPP3PP/RNBQKBNR b KQkq d3 0 3,d8h4,PASS,
stratified_variant_33,random_sample,sampled,10x12 Board,pruning_full,rich_eval,promotion_race,position fen 8/P7/2k5/8/8/8/7p/2K5 w - - 0 1,a7a8q,PASS,
stratified_variant_34,random_sample,sampled,0x88,minimax,pst_eval,startpos,position startpos,b1c3,PASS,
stratified_variant_34,random_sample,sampled,0x88,minimax,pst_eval,castle_tension,position fen r3k2r/pppq1ppp/2n1bn2/3pp3/3PP3/2N1BN2/PPP2PPP/R2Q1RK1 w kq - 0 9,e4d5,PASS,
stratified_variant_34,random_sample,sampled,0x88,minimax,pst_eval,en_passant_window,position fen rnbqkbnr/pppp1ppp/8/4p3/3PPp2/8/PPP3PP/RNBQKBNR b KQkq d3 0 3,d8h4,PASS,
stratified_variant_34,random_sample,sampled,0x88,minimax,pst_eval,promotion_race,position fen 8/P7/2k5/8/8/8/7p/2K5 w - - 0 1,a7a8q,PASS,
stratified_variant_35,random_sample,sampled,10x12 Board,negamax,rich_eval,startpos,position startpos,g1f3,PASS,
stratified_variant_35,random_sample,sampled,10x12 Board,negamax,rich_eval,castle_tension,position fen r3k2r/pppq1ppp/2n1bn2/3pp3/3PP3/2N1BN2/PPP2PPP/R2Q1RK1 w kq - 0 9,d4e5,PASS,
stratified_variant_35,random_sample,sampled,10x12 Board,negamax,rich_eval,en_passant_window,position fen rnbqkbnr/pppp1ppp/8/4p3/3PPp2/8/PPP3PP/RNBQKBNR b KQkq d3 0 3,e5d4,PASS,
stratified_variant_35,random_sample,sampled,10x12 Board,negamax,rich_eval,promotion_race,position fen 8/P7/2k5/8/8/8/7p/2K5 w - - 0 1,a7a8q,PASS,
stratified_variant_36,random_sample,sampled,Bitboards,alpha_beta,rich_eval,startpos,position startpos,e2e4,PASS,
stratified_variant_36,random_sample,sampled,Bitboards,alpha_beta,rich_eval,castle_tension,position fen r3k2r/pppq1ppp/2n1bn2/3pp3/3PP3/2N1BN2/PPP2PPP/R2Q1RK1 w kq - 0 9,e4d5,PASS,
stratified_variant_36,random_sample,sampled,Bitboards,alpha_beta,rich_eval,en_passant_window,position fen rnbqkbnr/pppp1ppp/8/4p3/3PPp2/8/PPP3PP/RNBQKBNR b KQkq d3 0 3,e5d4,PASS,
stratified_variant_36,random_sample,sampled,Bitboards,alpha_beta,rich_eval,promotion_race,position fen 8/P7/2k5/8/8/8/7p/2K5 w - - 0 1,a7a8q,PASS,
stratified_variant_37,random_sample,sampled,Bitboards,negamax,rich_eval,startpos,position startpos,e2e4,PASS,
stratified_variant_37,random_sample,sampled,Bitboards,negamax,rich_eval,castle_tension,position fen r3k2r/pppq1ppp/2n1bn2/3pp3/3PP3/2N1BN2/PPP2PPP/R2Q1RK1 w kq - 0 9,e4d5,PASS,
stratified_variant_37,random_sample,sampled,Bitboards,negamax,rich_eval,en_passant_window,position fen rnbqkbnr/pppp1ppp/8/4p3/3PPp2/8/PPP3PP/RNBQKBNR b KQkq d3 0 3,d8h4,PASS,
stratified_variant_37,random_sample,sampled,Bitboards,negamax,rich_eval,promotion_race,position fen 8/P7/2k5/8/8/8/7p/2K5 w - - 0 1,a7a8q,PASS,
stratified_variant_38,random_sample,sampled,0x88,pruning_full,rich_eval,startpos,position startpos,d2d4,PASS,
stratified_variant_38,random_sample,sampled,0x88,pruning_full,rich_eval,castle_tension,position fen r3k2r/pppq1ppp/2n1bn2/3pp3/3PP3/2N1BN2/PPP2PPP/R2Q1RK1 w kq - 0 9,e4d5,PASS,
stratified_variant_38,random_sample,sampled,0x88,pruning_full,rich_eval,en_passant_window,position fen rnbqkbnr/pppp1ppp/8/4p3/3PPp2/8/PPP3PP/RNBQKBNR b KQkq d3 0 3,d8h4,PASS,
stratified_variant_38,random_sample,sampled,0x88,pruning_full,rich_eval,promotion_race,position fen 8/P7/2k5/8/8/8/7p/2K5 w - - 0 1,a7a8q,PASS,
stratified_variant_39,random_sample,sampled,Mailbox,minimax,rich_eval,startpos,position startpos,b1c3,PASS,
stratified_variant_39,random_sample,sampled,Mailbox,minimax,rich_eval,castle_tension,position fen r3k2r/pppq1ppp/2n1bn2/3pp3/3PP3/2N1BN2/PPP2PPP/R2Q1RK1 w kq - 0 9,e4d5,PASS,
stratified_variant_39,random_sample,sampled,Mailbox,minimax,rich_eval,en_passant_window,position fen rnbqkbnr/pppp1ppp/8/4p3/3PPp2/8/PPP3PP/RNBQKBNR b KQkq d3 0 3,d8h4,PASS,
stratified_variant_39,random_sample,sampled,Mailbox,minimax,rich_eval,promotion_race,position fen 8/P7/2k5/8/8/8/7p/2K5 w - - 0 1,a7a8q,PASS,
stratified_variant_40,random_sample,sampled,Bitboards,minimax,rich_eval,startpos,position startpos,b1c3,PASS,
stratified_variant_40,random_sample,sampled,Bitboards,minimax,rich_eval,castle_tension,position fen r3k2r/pppq1ppp/2n1bn2/3pp3/3PP3/2N1BN2/PPP2PPP/R2Q1RK1 w kq - 0 9,e4d5,PASS,
stratified_variant_40,random_sample,sampled,Bitboards,minimax,rich_eval,en_passant_window,position fen rnbqkbnr/pppp1ppp/8/4p3/3PPp2/8/PPP3PP/RNBQKBNR b KQkq d3 0 3,e5d4,PASS,
stratified_variant_40,random_sample,sampled,Bitboards,minimax,rich_eval,promotion_race,position fen 8/P7/2k5/8/8/8/7p/2K5 w - - 0 1,a7a8q,PASS,
stratified_variant_41,random_sample,sampled,Mailbox,pruning_full,rich_eval,startpos,position startpos,e2e4,PASS,
stratified_variant_41,random_sample,sampled,Mailbox,pruning_full,rich_eval,castle_tension,position fen r3k2r/pppq1ppp/2n1bn2/3pp3/3PP3/2N1BN2/PPP2PPP/R2Q1RK1 w kq - 0 9,e4d5,PASS,
stratified_variant_41,random_sample,sampled,Mailbox,pruning_full,rich_eval,en_passant_window,position fen rnbqkbnr/pppp1ppp/8/4p3/3PPp2/8/PPP3PP/RNBQKBNR b KQkq d3 0 3,d8h4,PASS,
stratified_variant_41,random_sample,sampled,Mailbox,pruning_full,rich_eval,promotion_race,position fen 8/P7/2k5/8/8/8/7p/2K5 w - - 0 1,a7a8q,PASS,
stratified_variant_42,random_sample,sampled,Mailbox,alpha_beta,rich_eval,startpos,position startpos,g1f3,PASS,
stratified_variant_42,random_sample,sampled,Mailbox,alpha_beta,rich_eval,castle_tension,position fen r3k2r/pppq1ppp/2n1bn2/3pp3/3PP3/2N1BN2/PPP2PPP/R2Q1RK1 w kq - 0 9,e4d5,PASS,
stratified_variant_42,random_sample,sampled,Mailbox,alpha_beta,rich_eval,en_passant_window,position fen rnbqkbnr/pppp1ppp/8/4p3/3PPp2/8/PPP3PP/RNBQKBNR b KQkq d3 0 3,d8h4,PASS,
stratified_variant_42,random_sample,sampled,Mailbox,alpha_beta,rich_eval,promotion_race,position fen 8/P7/2k5/8/8/8/7p/2K5 w - - 0 1,a7a8q,PASS,
stratified_variant_43,random_sample,sampled,10x12 Board,alpha_beta,rich_eval,startpos,position startpos,a2a3,PASS,
stratified_variant_43,random_sample,sampled,10x12 Board,alpha_beta,rich_eval,castle_tension,position fen r3k2r/pppq1ppp/2n1bn2/3pp3/3PP3/2N1BN2/PPP2PPP/R2Q1RK1 w kq - 0 9,d4e5,PASS,
stratified_variant_43,random_sample,sampled,10x12 Board,alpha_beta,rich_eval,en_passant_window,position fen rnbqkbnr/pppp1ppp/8/4p3/3PPp2/8/PPP3PP/RNBQKBNR b KQkq d3 0 3,e5d4,PASS,
stratified_variant_43,random_sample,sampled,10x12 Board,alpha_beta,rich_eval,promotion_race,position fen 8/P7/2k5/8/8/8/7p/2K5 w - - 0 1,a7a8q,PASS,
stratified_variant_44,random_sample,sampled,10x12 Board,minimax,rich_eval,startpos,position startpos,b1c3,PASS,
stratified_variant_44,random_sample,sampled,10x12 Board,minimax,rich_eval,castle_tension,position fen r3k2r/pppq1ppp/2n1bn2/3pp3/3PP3/2N1BN2/PPP2PPP/R2Q1RK1 w kq - 0 9,e4d5,PASS,
stratified_variant_44,random_sample,sampled,10x12 Board,minimax,rich_eval,en_passant_window,position fen rnbqkbnr/pppp1ppp/8/4p3/3PPp2/8/PPP3PP/RNBQKBNR b KQkq d3 0 3,d8h4,PASS,
stratified_variant_44,random_sample,sampled,10x12 Board,minimax,rich_eval,promotion_race,position fen 8/P7/2k5/8/8/8/7p/2K5 w - - 0 1,a7a8q,PASS,
stratified_variant_45,random_sample,sampled,0x88,alpha_beta,rich_eval,startpos,position startpos,a2a3,PASS,
stratified_variant_45,random_sample,sampled,0x88,alpha_beta,rich_eval,castle_tension,position fen r3k2r/pppq1ppp/2n1bn2/3pp3/3PP3/2N1BN2/PPP2PPP/R2Q1RK1 w kq - 0 9,e4d5,PASS,
stratified_variant_45,random_sample,sampled,0x88,alpha_beta,rich_eval,en_passant_window,position fen rnbqkbnr/pppp1ppp/8/4p3/3PPp2/8/PPP3PP/RNBQKBNR b KQkq d3 0 3,d8h4,PASS,
stratified_variant_45,random_sample,sampled,0x88,alpha_beta,rich_eval,promotion_race,position fen 8/P7/2k5/8/8/8/7p/2K5 w - - 0 1,a7a8q,PASS,
stratified_variant_46,random_sample,sampled,Mailbox,negamax,rich_eval,startpos,position startpos,b1c3,PASS,
stratified_variant_46,random_sample,sampled,Mailbox,negamax,rich_eval,castle_tension,position fen r3k2r/pppq1ppp/2n1bn2/3pp3/3PP3/2N1BN2/PPP2PPP/R2Q1RK1 w kq - 0 9,d4e5,PASS,
stratified_variant_46,random_sample,sampled,Mailbox,negamax,rich_eval,en_passant_window,position fen rnbqkbnr/pppp1ppp/8/4p3/3PPp2/8/PPP3PP/RNBQKBNR b KQkq d3 0 3,e5d4,PASS,
stratified_variant_46,random_sample,sampled,Mailbox,negamax,rich_eval,promotion_race,position fen 8/P7/2k5/8/8/8/7p/2K5 w - - 0 1,a7a8q,PASS,
stratified_variant_47,random_sample,sampled,Bitboards,pruning_full,rich_eval,startpos,position startpos,e2e4,PASS,
stratified_variant_47,random_sample,sampled,Bitboards,pruning_full,rich_eval,castle_tension,position fen r3k2r/pppq1ppp/2n1bn2/3pp3/3PP3/2N1BN2/PPP2PPP/R2Q1RK1 w kq - 0 9,e4d5,PASS,
stratified_variant_47,random_sample,sampled,Bitboards,pruning_full,rich_eval,en_passant_window,position fen rnbqkbnr/pppp1ppp/8/4p3/3PPp2/8/PPP3PP/RNBQKBNR b KQkq d3 0 3,d8h4,PASS,
stratified_variant_47,random_sample,sampled,Bitboards,pruning_full,rich_eval,promotion_race,position fen 8/P7/2k5/8/8/8/7p/2K5 w - - 0 1,a7a8q,PASS,
stratified_variant_48,random_sample,sampled,0x88,negamax,rich_eval,startpos,position startpos,b1c3,PASS,
stratified_variant_48,random_sample,sampled,0x88,negamax,rich_eval,castle_tension,position fen r3k2r/pppq1ppp/2n1bn2/3pp3/3PP3/2N1BN2/PPP2PPP/R2Q1RK1 w kq - 0 9,e4d5,PASS,
stratified_variant_48,random_sample,sampled,0x88,negamax,rich_eval,en_passant_window,position fen rnbqkbnr/pppp1ppp/8/4p3/3PPp2/8/PPP3PP/RNBQKBNR b KQkq d3 0 3,e5d4,PASS,
stratified_variant_48,random_sample,sampled,0x88,negamax,rich_eval,promotion_race,position fen 8/P7/2k5/8/8/8/7p/2K5 w - - 0 1,a7a8q,PASS,
stratified_variant_49,random_sample,sampled,0x88,minimax,rich_eval,startpos,position startpos,g1f3,PASS,
stratified_variant_49,random_sample,sampled,0x88,minimax,rich_eval,castle_tension,position fen r3k2r/pppq1ppp/2n1bn2/3pp3/3PP3/2N1BN2/PPP2PPP/R2Q1RK1 w kq - 0 9,e4d5,PASS,
stratified_variant_49,random_sample,sampled,0x88,minimax,rich_eval,en_passant_window,position fen rnbqkbnr/pppp1ppp/8/4p3/3PPp2/8/PPP3PP/RNBQKBNR b KQkq d3 0 3,e5d4,PASS,
stratified_variant_49,random_sample,sampled,0x88,minimax,rich_eval,promotion_race,position fen 8/P7/2k5/8/8/8/7p/2K5 w - - 0 1,a7a8q,PASS,
stratified_variant_50,random_sample,sampled,Mailbox,minimax,structural_eval,startpos,position startpos,g1f3,PASS,
stratified_variant_50,random_sample,sampled,Mailbox,minimax,structural_eval,castle_tension,position fen r3k2r/pppq1ppp/2n1bn2/3pp3/3PP3/2N1BN2/PPP2PPP/R2Q1RK1 w kq - 0 9,e4d5,PASS,
stratified_variant_50,random_sample,sampled,Mailbox,minimax,structural_eval,en_passant_window,position fen rnbqkbnr/pppp1ppp/8/4p3/3PPp2/8/PPP3PP/RNBQKBNR b KQkq d3 0 3,d8h4,PASS,
stratified_variant_50,random_sample,sampled,Mailbox,minimax,structural_eval,promotion_race,position fen 8/P7/2k5/8/8/8/7p/2K5 w - - 0 1,a7a8q,PASS,
stratified_variant_51,random_sample,sampled,10x12 Board,pruning_full,rich_eval,startpos,position startpos,e2e3,PASS,
stratified_variant_51,random_sample,sampled,10x12 Board,pruning_full,rich_eval,castle_tension,position fen r3k2r/pppq1ppp/2n1bn2/3pp3/3PP3/2N1BN2/PPP2PPP/R2Q1RK1 w kq - 0 9,e4d5,PASS,
stratified_variant_51,random_sample,sampled,10x12 Board,pruning_full,rich_eval,en_passant_window,position fen rnbqkbnr/pppp1ppp/8/4p3/3PPp2/8/PPP3PP/RNBQKBNR b KQkq d3 0 3,d8h4,PASS,
stratified_variant_51,random_sample,sampled,10x12 Board,pruning_full,rich_eval,promotion_race,position fen 8/P7/2k5/8/8/8/7p/2K5 w - - 0 1,a7a8q,PASS,
stratified_variant_52,random_sample,sampled,10x12 Board,negamax,rich_eval,startpos,position startpos,b1c3,PASS,
stratified_variant_52,random_sample,sampled,10x12 Board,negamax,rich_eval,castle_tension,position fen r3k2r/pppq1ppp/2n1bn2/3pp3/3PP3/2N1BN2/PPP2PPP/R2Q1RK1 w kq - 0 9,e4d5,PASS,
stratified_variant_52,random_sample,sampled,10x12 Board,negamax,rich_eval,en_passant_window,position fen rnbqkbnr/pppp1ppp/8/4p3/3PPp2/8/PPP3PP/RNBQKBNR b KQkq d3 0 3,e5d4,PASS,
stratified_variant_52,random_sample,sampled,10x12 Board,negamax,rich_eval,promotion_race,position fen 8/P7/2k5/8/8/8/7p/2K5 w - - 0 1,a7a8q,PASS,
stratified_variant_53,random_sample,sampled,Bitboards,alpha_beta,rich_eval,startpos,position startpos,g1f3,PASS,
stratified_variant_53,random_sample,sampled,Bitboards,alpha_beta,rich_eval,castle_tension,position fen r3k2r/pppq1ppp/2n1bn2/3pp3/3PP3/2N1BN2/PPP2PPP/R2Q1RK1 w kq - 0 9,d4e5,PASS,
stratified_variant_53,random_sample,sampled,Bitboards,alpha_beta,rich_eval,en_passant_window,position fen rnbqkbnr/pppp1ppp/8/4p3/3PPp2/8/PPP3PP/RNBQKBNR b KQkq d3 0 3,e5d4,PASS,
stratified_variant_53,random_sample,sampled,Bitboards,alpha_beta,rich_eval,promotion_race,position fen 8/P7/2k5/8/8/8/7p/2K5 w - - 0 1,a7a8q,PASS,
stratified_variant_54,random_sample,sampled,Bitboards,negamax,rich_eval,startpos,position startpos,a2a3,PASS,
stratified_variant_54,random_sample,sampled,Bitboards,negamax,rich_eval,castle_tension,position fen r3k2r/pppq1ppp/2n1bn2/3pp3/3PP3/2N1BN2/PPP2PPP/R2Q1RK1 w kq - 0 9,e4d5,PASS,
stratified_variant_54,random_sample,sampled,Bitboards,negamax,rich_eval,en_passant_window,position fen rnbqkbnr/pppp1ppp/8/4p3/3PPp2/8/PPP3PP/RNBQKBNR b KQkq d3 0 3,e5d4,PASS,
stratified_variant_54,random_sample,sampled,Bitboards,negamax,rich_eval,promotion_race,position fen 8/P7/2k5/8/8/8/7p/2K5 w - - 0 1,a7a8q,PASS,
stratified_variant_55,random_sample,sampled,0x88,pruning_full,rich_eval,startpos,position startpos,e2e4,PASS,
stratified_variant_55,random_sample,sampled,0x88,pruning_full,rich_eval,castle_tension,position fen r3k2r/pppq1ppp/2n1bn2/3pp3/3PP3/2N1BN2/PPP2PPP/R2Q1RK1 w kq - 0 9,e4d5,PASS,
stratified_variant_55,random_sample,sampled,0x88,pruning_full,rich_eval,en_passant_window,position fen rnbqkbnr/pppp1ppp/8/4p3/3PPp2/8/PPP3PP/RNBQKBNR b KQkq d3 0 3,d8h4,PASS,
stratified_variant_55,random_sample,sampled,0x88,pruning_full,rich_eval,promotion_race,position fen 8/P7/2k5/8/8/8/7p/2K5 w - - 0 1,a7a8q,PASS,
stratified_variant_56,random_sample,sampled,Mailbox,minimax,rich_eval,startpos,position startpos,b1c3,PASS,
stratified_variant_56,random_sample,sampled,Mailbox,minimax,rich_eval,castle_tension,position fen r3k2r/pppq1ppp/2n1bn2/3pp3/3PP3/2N1BN2/PPP2PPP/R2Q1RK1 w kq - 0 9,d4e5,PASS,
stratified_variant_56,random_sample,sampled,Mailbox,minimax,rich_eval,en_passant_window,position fen rnbqkbnr/pppp1ppp/8/4p3/3PPp2/8/PPP3PP/RNBQKBNR b KQkq d3 0 3,d8h4,PASS,
stratified_variant_56,random_sample,sampled,Mailbox,minimax,rich_eval,promotion_race,position fen 8/P7/2k5/8/8/8/7p/2K5 w - - 0 1,a7a8q,PASS,
stratified_variant_57,random_sample,sampled,Bitboards,minimax,rich_eval,startpos,position startpos,g1f3,PASS,
stratified_variant_57,random_sample,sampled,Bitboards,minimax,rich_eval,castle_tension,position fen r3k2r/pppq1ppp/2n1bn2/3pp3/3PP3/2N1BN2/PPP2PPP/R2Q1RK1 w kq - 0 9,d4e5,PASS,
stratified_variant_57,random_sample,sampled,Bitboards,minimax,rich_eval,en_passant_window,position fen rnbqkbnr/pppp1ppp/8/4p3/3PPp2/8/PPP3PP/RNBQKBNR b KQkq d3 0 3,e5d4,PASS,
stratified_variant_57,random_sample,sampled,Bitboards,minimax,rich_eval,promotion_race,position fen 8/P7/2k5/8/8/8/7p/2K5 w - - 0 1,a7a8q,PASS,
stratified_variant_58,random_sample,sampled,Mailbox,pruning_full,rich_eval,startpos,position startpos,b1c3,PASS,
stratified_variant_58,random_sample,sampled,Mailbox,pruning_full,rich_eval,castle_tension,position fen r3k2r/pppq1ppp/2n1bn2/3pp3/3PP3/2N1BN2/PPP2PPP/R2Q1RK1 w kq - 0 9,e4d5,PASS,
stratified_variant_58,random_sample,sampled,Mailbox,pruning_full,rich_eval,en_passant_window,position fen rnbqkbnr/pppp1ppp/8/4p3/3PPp2/8/PPP3PP/RNBQKBNR b KQkq d3 0 3,e5d4,PASS,
stratified_variant_58,random_sample,sampled,Mailbox,pruning_full,rich_eval,promotion_race,position fen 8/P7/2k5/8/8/8/7p/2K5 w - - 0 1,a7a8q,PASS,
stratified_variant_59,random_sample,sampled,Mailbox,alpha_beta,rich_eval,startpos,position startpos,b1c3,PASS,
stratified_variant_59,random_sample,sampled,Mailbox,alpha_beta,rich_eval,castle_tension,position fen r3k2r/pppq1ppp/2n1bn2/3pp3/3PP3/2N1BN2/PPP2PPP/R2Q1RK1 w kq - 0 9,d4e5,PASS,
stratified_variant_59,random_sample,sampled,Mailbox,alpha_beta,rich_eval,en_passant_window,position fen rnbqkbnr/pppp1ppp/8/4p3/3PPp2/8/PPP3PP/RNBQKBNR b KQkq d3 0 3,e5d4,PASS,
stratified_variant_59,random_sample,sampled,Mailbox,alpha_beta,rich_eval,promotion_race,position fen 8/P7/2k5/8/8/8/7p/2K5 w - - 0 1,a7a8q,PASS,
stratified_variant_60,random_sample,sampled,10x12 Board,alpha_beta,rich_eval,startpos,position startpos,g1f3,PASS,
stratified_variant_60,random_sample,sampled,10x12 Board,alpha_beta,rich_eval,castle_tension,position fen r3k2r/pppq1ppp/2n1bn2/3pp3/3PP3/2N1BN2/PPP2PPP/R2Q1RK1 w kq - 0 9,e4d5,PASS,
stratified_variant_60,random_sample,sampled,10x12 Board,alpha_beta,rich_eval,en_passant_window,position fen rnbqkbnr/pppp1ppp/8/4p3/3PPp2/8/PPP3PP/RNBQKBNR b KQkq d3 0 3,d8h4,PASS,
stratified_variant_60,random_sample,sampled,10x12 Board,alpha_beta,rich_eval,promotion_race,position fen 8/P7/2k5/8/8/8/7p/2K5 w - - 0 1,a7a8q,PASS,
stratified_variant_61,random_sample,sampled,10x12 Board,minimax,rich_eval,startpos,position startpos,g1f3,PASS,
stratified_variant_61,random_sample,sampled,10x12 Board,minimax,rich_eval,castle_tension,position fen r3k2r/pppq1ppp/2n1bn2/3pp3/3PP3/2N1BN2/PPP2PPP/R2Q1RK1 w kq - 0 9,e4d5,PASS,
stratified_variant_61,random_sample,sampled,10x12 Board,minimax,rich_eval,en_passant_window,position fen rnbqkbnr/pppp1ppp/8/4p3/3PPp2/8/PPP3PP/RNBQKBNR b KQkq d3 0 3,e5d4,PASS,
stratified_variant_61,random_sample,sampled,10x12 Board,minimax,rich_eval,promotion_race,position fen 8/P7/2k5/8/8/8/7p/2K5 w - - 0 1,a7a8q,PASS,
stratified_variant_62,random_sample,sampled,0x88,alpha_beta,rich_eval,startpos,position startpos,a2a3,PASS,
stratified_variant_62,random_sample,sampled,0x88,alpha_beta,rich_eval,castle_tension,position fen r3k2r/pppq1ppp/2n1bn2/3pp3/3PP3/2N1BN2/PPP2PPP/R2Q1RK1 w kq - 0 9,d4e5,PASS,
stratified_variant_62,random_sample,sampled,0x88,alpha_beta,rich_eval,en_passant_window,position fen rnbqkbnr/pppp1ppp/8/4p3/3PPp2/8/PPP3PP/RNBQKBNR b KQkq d3 0 3,e5d4,PASS,
stratified_variant_62,random_sample,sampled,0x88,alpha_beta,rich_eval,promotion_race,position fen 8/P7/2k5/8/8/8/7p/2K5 w - - 0 1,a7a8q,PASS,
stratified_variant_63,random_sample,sampled,Mailbox,negamax,rich_eval,startpos,position startpos,g1f3,PASS,
stratified_variant_63,random_sample,sampled,Mailbox,negamax,rich_eval,castle_tension,position fen r3k2r/pppq1ppp/2n1bn2/3pp3/3PP3/2N1BN2/PPP2PPP/R2Q1RK1 w kq - 0 9,d4e5,PASS,
stratified_variant_63,random_sample,sampled,Mailbox,negamax,rich_eval,en_passant_window,position fen rnbqkbnr/pppp1ppp/8/4p3/3PPp2/8/PPP3PP/RNBQKBNR b KQkq d3 0 3,e5d4,PASS,
stratified_variant_63,random_sample,sampled,Mailbox,negamax,rich_eval,promotion_race,position fen 8/P7/2k5/8/8/8/7p/2K5 w - - 0 1,a7a8q,PASS,
stratified_variant_64,random_sample,sampled,Bitboards,pruning_full,rich_eval,startpos,position startpos,a2a3,PASS,
stratified_variant_64,random_sample,sampled,Bitboards,pruning_full,rich_eval,castle_tension,position fen r3k2r/pppq1ppp/2n1bn2/3pp3/3PP3/2N1BN2/PPP2PPP/R2Q1RK1 w kq - 0 9,d4e5,PASS,
stratified_variant_64,random_sample,sampled,Bitboards,pruning_full,rich_eval,en_passant_window,position fen rnbqkbnr/pppp1ppp/8/4p3/3PPp2/8/PPP3PP/RNBQKBNR b KQkq d3 0 3,e5d4,PASS,
stratified_variant_64,random_sample,sampled,Bitboards,pruning_full,rich_eval,promotion_race,position fen 8/P7/2k5/8/8/8/7p/2K5 w - - 0 1,a7a8q,PASS,
stratified_variant_65,random_sample,sampled,0x88,negamax,rich_eval,startpos,position startpos,e2e3,PASS,
stratified_variant_65,random_sample,sampled,0x88,negamax,rich_eval,castle_tension,position fen r3k2r/pppq1ppp/2n1bn2/3pp3/3PP3/2N1BN2/PPP2PPP/R2Q1RK1 w kq - 0 9,d4e5,PASS,
stratified_variant_65,random_sample,sampled,0x88,negamax,rich_eval,en_passant_window,position fen rnbqkbnr/pppp1ppp/8/4p3/3PPp2/8/PPP3PP/RNBQKBNR b KQkq d3 0 3,d8h4,PASS,
stratified_variant_65,random_sample,sampled,0x88,negamax,rich_eval,promotion_race,position fen 8/P7/2k5/8/8/8/7p/2K5 w - - 0 1,a7a8q,PASS,
stratified_variant_66,random_sample,sampled,0x88,minimax,rich_eval,startpos,position startpos,e2e4,PASS,
stratified_variant_66,random_sample,sampled,0x88,minimax,rich_eval,castle_tension,position fen r3k2r/pppq1ppp/2n1bn2/3pp3/3PP3/2N1BN2/PPP2PPP/R2Q1RK1 w kq - 0 9,d4e5,PASS,
stratified_variant_66,random_sample,sampled,0x88,minimax,rich_eval,en_passant_window,position fen rnbqkbnr/pppp1ppp/8/4p3/3PPp2/8/PPP3PP/RNBQKBNR b KQkq d3 0 3,e5d4,PASS,
stratified_variant_66,random_sample,sampled,0x88,minimax,rich_eval,promotion_race,position fen 8/P7/2k5/8/8/8/7p/2K5 w - - 0 1,a7a8q,PASS,
stratified_variant_67,random_sample,sampled,10x12 Board,pruning_full,rich_eval,startpos,position startpos,e2e4,PASS,
stratified_variant_67,random_sample,sampled,10x12 Board,pruning_full,rich_eval,castle_tension,position fen r3k2r/pppq1ppp/2n1bn2/3pp3/3PP3/2N1BN2/PPP2PPP/R2Q1RK1 w kq - 0 9,d4e5,PASS,
stratified_variant_67,random_sample,sampled,10x12 Board,pruning_full,rich_eval,en_passant_window,position fen rnbqkbnr/pppp1ppp/8/4p3/3PPp2/8/PPP3PP/RNBQKBNR b KQkq d3 0 3,d8h4,PASS,
stratified_variant_67,random_sample,sampled,10x12 Board,pruning_full,rich_eval,promotion_race,position fen 8/P7/2k5/8/8/8/7p/2K5 w - - 0 1,a7a8q,PASS,
stratified_variant_68,random_sample,sampled,10x12 Board,negamax,rich_eval,startpos,position startpos,a2a3,PASS,
stratified_variant_68,random_sample,sampled,10x12 Board,negamax,rich_eval,castle_tension,position fen r3k2r/pppq1ppp/2n1bn2/3pp3/3PP3/2N1BN2/PPP2PPP/R2Q1RK1 w kq - 0 9,d4e5,PASS,
stratified_variant_68,random_sample,sampled,10x12 Board,negamax,rich_eval,en_passant_window,position fen rnbqkbnr/pppp1ppp/8/4p3/3PPp2/8/PPP3PP/RNBQKBNR b KQkq d3 0 3,e5d4,PASS,
stratified_variant_68,random_sample,sampled,10x12 Board,negamax,rich_eval,promotion_race,position fen 8/P7/2k5/8/8/8/7p/2K5 w - - 0 1,a7a8q,PASS,
stratified_variant_69,random_sample,sampled,Bitboards,alpha_beta,rich_eval,startpos,position startpos,e2e3,PASS,
stratified_variant_69,random_sample,sampled,Bitboards,alpha_beta,rich_eval,castle_tension,position fen r3k2r/pppq1ppp/2n1bn2/3pp3/3PP3/2N1BN2/PPP2PPP/R2Q1RK1 w kq - 0 9,e4d5,PASS,
stratified_variant_69,random_sample,sampled,Bitboards,alpha_beta,rich_eval,en_passant_window,position fen rnbqkbnr/pppp1ppp/8/4p3/3PPp2/8/PPP3PP/RNBQKBNR b KQkq d3 0 3,d8h4,PASS,
stratified_variant_69,random_sample,sampled,Bitboards,alpha_beta,rich_eval,promotion_race,position fen 8/P7/2k5/8/8/8/7p/2K5 w - - 0 1,a7a8q,PASS,
stratified_variant_70,random_sample,sampled,Bitboards,negamax,rich_eval,startpos,position startpos,a2a3,PASS,
stratified_variant_70,random_sample,sampled,Bitboards,negamax,rich_eval,castle_tension,position fen r3k2r/pppq1ppp/2n1bn2/3pp3/3PP3/2N1BN2/PPP2PPP/R2Q1RK1 w kq - 0 9,e4d5,PASS,
stratified_variant_70,random_sample,sampled,Bitboards,negamax,rich_eval,en_passant_window,position fen rnbqkbnr/pppp1ppp/8/4p3/3PPp2/8/PPP3PP/RNBQKBNR b KQkq d3 0 3,d8h4,PASS,
stratified_variant_70,random_sample,sampled,Bitboards,negamax,rich_eval,promotion_race,position fen 8/P7/2k5/8/8/8/7p/2K5 w - - 0 1,a7a8q,PASS,
stratified_variant_71,random_sample,sampled,0x88,pruning_full,rich_eval,startpos,position startpos,d2d4,PASS,
stratified_variant_71,random_sample,sampled,0x88,pruning_full,rich_eval,castle_tension,position fen r3k2r/pppq1ppp/2n1bn2/3pp3/3PP3/2N1BN2/PPP2PPP/R2Q1RK1 w kq - 0 9,e4d5,PASS,
stratified_variant_71,random_sample,sampled,0x88,pruning_full,rich_eval,en_passant_window,position fen rnbqkbnr/pppp1ppp/8/4p3/3PPp2/8/PPP3PP/RNBQKBNR b KQkq d3 0 3,d8h4,PASS,
stratified_variant_71,random_sample,sampled,0x88,pruning_full,rich_eval,promotion_race,position fen 8/P7/2k5/8/8/8/7p/2K5 w - - 0 1,a7a8q,PASS,
stratified_variant_72,random_sample,sampled,Mailbox,minimax,rich_eval,startpos,position startpos,e2e4,PASS,
stratified_variant_72,random_sample,sampled,Mailbox,minimax,rich_eval,castle_tension,position fen r3k2r/pppq1ppp/2n1bn2/3pp3/3PP3/2N1BN2/PPP2PPP/R2Q1RK1 w kq - 0 9,e4d5,PASS,
stratified_variant_72,random_sample,sampled,Mailbox,minimax,rich_eval,en_passant_window,position fen rnbqkbnr/pppp1ppp/8/4p3/3PPp2/8/PPP3PP/RNBQKBNR b KQkq d3 0 3,e5d4,PASS,
stratified_variant_72,random_sample,sampled,Mailbox,minimax,rich_eval,promotion_race,position fen 8/P7/2k5/8/8/8/7p/2K5 w - - 0 1,a7a8q,PASS,
stratified_variant_73,random_sample,sampled,Bitboards,minimax,rich_eval,startpos,position startpos,b1c3,PASS,
stratified_variant_73,random_sample,sampled,Bitboards,minimax,rich_eval,castle_tension,position fen r3k2r/pppq1ppp/2n1bn2/3pp3/3PP3/2N1BN2/PPP2PPP/R2Q1RK1 w kq - 0 9,e4d5,PASS,
stratified_variant_73,random_sample,sampled,Bitboards,minimax,rich_eval,en_passant_window,position fen rnbqkbnr/pppp1ppp/8/4p3/3PPp2/8/PPP3PP/RNBQKBNR b KQkq d3 0 3,d8h4,PASS,
stratified_variant_73,random_sample,sampled,Bitboards,minimax,rich_eval,promotion_race,position fen 8/P7/2k5/8/8/8/7p/2K5 w - - 0 1,a7a8q,PASS,
stratified_variant_74,random_sample,sampled,Mailbox,pruning_full,rich_eval,startpos,position startpos,b1c3,PASS,
stratified_variant_74,random_sample,sampled,Mailbox,pruning_full,rich_eval,castle_tension,position fen r3k2r/pppq1ppp/2n1bn2/3pp3/3PP3/2N1BN2/PPP2PPP/R2Q1RK1 w kq - 0 9,d4e5,PASS,
stratified_variant_74,random_sample,sampled,Mailbox,pruning_full,rich_eval,en_passant_window,position fen rnbqkbnr/pppp1ppp/8/4p3/3PPp2/8/PPP3PP/RNBQKBNR b KQkq d3 0 3,e5d4,PASS,
stratified_variant_74,random_sample,sampled,Mailbox,pruning_full,rich_eval,promotion_race,position fen 8/P7/2k5/8/8/8/7p/2K5 w - - 0 1,a7a8q,PASS,
stratified_variant_75,random_sample,sampled,Mailbox,alpha_beta,rich_eval,startpos,position startpos,g1f3,PASS,
stratified_variant_75,random_sample,sampled,Mailbox,alpha_beta,rich_eval,castle_tension,position fen r3k2r/pppq1ppp/2n1bn2/3pp3/3PP3/2N1BN2/PPP2PPP/R2Q1RK1 w kq - 0 9,d4e5,PASS,
stratified_variant_75,random_sample,sampled,Mailbox,alpha_beta,rich_eval,en_passant_window,position fen rnbqkbnr/pppp1ppp/8/4p3/3PPp2/8/PPP3PP/RNBQKBNR b KQkq d3 0 3,d8h4,PASS,
stratified_variant_75,random_sample,sampled,Mailbox,alpha_beta,rich_eval,promotion_race,position fen 8/P7/2k5/8/8/8/7p/2K5 w - - 0 1,a7a8q,PASS,
stratified_variant_76,random_sample,sampled,10x12 Board,alpha_beta,rich_eval,startpos,position startpos,b1c3,PASS,
stratified_variant_76,random_sample,sampled,10x12 Board,alpha_beta,rich_eval,castle_tension,position fen r3k2r/pppq1ppp/2n1bn2/3pp3/3PP3/2N1BN2/PPP2PPP/R2Q1RK1 w kq - 0 9,d4e5,PASS,
stratified_variant_76,random_sample,sampled,10x12 Board,alpha_beta,rich_eval,en_passant_window,position fen rnbqkbnr/pppp1ppp/8/4p3/3PPp2/8/PPP3PP/RNBQKBNR b KQkq d3 0 3,e5d4,PASS,
stratified_variant_76,random_sample,sampled,10x12 Board,alpha_beta,rich_eval,promotion_race,position fen 8/P7/2k5/8/8/8/7p/2K5 w - - 0 1,a7a8q,PASS,
stratified_variant_77,random_sample,sampled,10x12 Board,minimax,rich_eval,startpos,position startpos,g1f3,PASS,
stratified_variant_77,random_sample,sampled,10x12 Board,minimax,rich_eval,castle_tension,position fen r3k2r/pppq1ppp/2n1bn2/3pp3/3PP3/2N1BN2/PPP2PPP/R2Q1RK1 w kq - 0 9,e4d5,PASS,
stratified_variant_77,random_sample,sampled,10x12 Board,minimax,rich_eval,en_passant_window,position fen rnbqkbnr/pppp1ppp/8/4p3/3PPp2/8/PPP3PP/RNBQKBNR b KQkq d3 0 3,d8h4,PASS,
stratified_variant_77,random_sample,sampled,10x12 Board,minimax,rich_eval,promotion_race,position fen 8/P7/2k5/8/8/8/7p/2K5 w - - 0 1,a7a8q,PASS,
stratified_variant_78,random_sample,sampled,0x88,alpha_beta,rich_eval,startpos,position startpos,b1c3,PASS,
stratified_variant_78,random_sample,sampled,0x88,alpha_beta,rich_eval,castle_tension,position fen r3k2r/pppq1ppp/2n1bn2/3pp3/3PP3/2N1BN2/PPP2PPP/R2Q1RK1 w kq - 0 9,e4d5,PASS,
stratified_variant_78,random_sample,sampled,0x88,alpha_beta,rich_eval,en_passant_window,position fen rnbqkbnr/pppp1ppp/8/4p3/3PPp2/8/PPP3PP/RNBQKBNR b KQkq d3 0 3,e5d4,PASS,
stratified_variant_78,random_sample,sampled,0x88,alpha_beta,rich_eval,promotion_race,position fen 8/P7/2k5/8/8/8/7p/2K5 w - - 0 1,a7a8q,PASS,
stratified_variant_79,random_sample,sampled,Mailbox,negamax,rich_eval,startpos,position startpos,b1c3,PASS,
stratified_variant_79,random_sample,sampled,Mailbox,negamax,rich_eval,castle_tension,position fen r3k2r/pppq1ppp/2n1bn2/3pp3/3PP3/2N1BN2/PPP2PPP/R2Q1RK1 w kq - 0 9,d4e5,PASS,
stratified_variant_79,random_sample,sampled,Mailbox,negamax,rich_eval,en_passant_window,position fen rnbqkbnr/pppp1ppp/8/4p3/3PPp2/8/PPP3PP/RNBQKBNR b KQkq d3 0 3,e5d4,PASS,
stratified_variant_79,random_sample,sampled,Mailbox,negamax,rich_eval,promotion_race,position fen 8/P7/2k5/8/8/8/7p/2K5 w - - 0 1,a7a8q,PASS,
stratified_variant_80,random_sample,sampled,Bitboards,pruning_full,rich_eval,startpos,position startpos,a2a3,PASS,
stratified_variant_80,random_sample,sampled,Bitboards,pruning_full,rich_eval,castle_tension,position fen r3k2r/pppq1ppp/2n1bn2/3pp3/3PP3/2N1BN2/PPP2PPP/R2Q1RK1 w kq - 0 9,d4e5,PASS,
stratified_variant_80,random_sample,sampled,Bitboards,pruning_full,rich_eval,en_passant_window,position fen rnbqkbnr/pppp1ppp/8/4p3/3PPp2/8/PPP3PP/RNBQKBNR b KQkq d3 0 3,e5d4,PASS,
stratified_variant_80,random_sample,sampled,Bitboards,pruning_full,rich_eval,promotion_race,position fen 8/P7/2k5/8/8/8/7p/2K5 w - - 0 1,a7a8q,PASS,
stratified_variant_81,random_sample,sampled,0x88,negamax,rich_eval,startpos,position startpos,g1f3,PASS,
stratified_variant_81,random_sample,sampled,0x88,negamax,rich_eval,castle_tension,position fen r3k2r/pppq1ppp/2n1bn2/3pp3/3PP3/2N1BN2/PPP2PPP/R2Q1RK1 w kq - 0 9,e4d5,PASS,
stratified_variant_81,random_sample,sampled,0x88,negamax,rich_eval,en_passant_window,position fen rnbqkbnr/pppp1ppp/8/4p3/3PPp2/8/PPP3PP/RNBQKBNR b KQkq d3 0 3,e5d4,PASS,
stratified_variant_81,random_sample,sampled,0x88,negamax,rich_eval,promotion_race,position fen 8/P7/2k5/8/8/8/7p/2K5 w - - 0 1,a7a8q,PASS,
stratified_variant_82,random_sample,sampled,0x88,minimax,rich_eval,startpos,position startpos,b1c3,PASS,
stratified_variant_82,random_sample,sampled,0x88,minimax,rich_eval,castle_tension,position fen r3k2r/pppq1ppp/2n1bn2/3pp3/3PP3/2N1BN2/PPP2PPP/R2Q1RK1 w kq - 0 9,e4d5,PASS,
stratified_variant_82,random_sample,sampled,0x88,minimax,rich_eval,en_passant_window,position fen rnbqkbnr/pppp1ppp/8/4p3/3PPp2/8/PPP3PP/RNBQKBNR b KQkq d3 0 3,d8h4,PASS,
stratified_variant_82,random_sample,sampled,0x88,minimax,rich_eval,promotion_race,position fen 8/P7/2k5/8/8/8/7p/2K5 w - - 0 1,a7a8q,PASS,
stratified_variant_83,random_sample,sampled,10x12 Board,pruning_full,rich_eval,startpos,position startpos,e2e4,PASS,
stratified_variant_83,random_sample,sampled,10x12 Board,pruning_full,rich_eval,castle_tension,position fen r3k2r/pppq1ppp/2n1bn2/3pp3/3PP3/2N1BN2/PPP2PPP/R2Q1RK1 w kq - 0 9,e4d5,PASS,
stratified_variant_83,random_sample,sampled,10x12 Board,pruning_full,rich_eval,en_passant_window,position fen rnbqkbnr/pppp1ppp/8/4p3/3PPp2/8/PPP3PP/RNBQKBNR b KQkq d3 0 3,e5d4,PASS,
stratified_variant_83,random_sample,sampled,10x12 Board,pruning_full,rich_eval,promotion_race,position fen 8/P7/2k5/8/8/8/7p/2K5 w - - 0 1,a7a8q,PASS,
stratified_variant_84,random_sample,sampled,10x12 Board,negamax,rich_eval,startpos,position startpos,b1c3,PASS,
stratified_variant_84,random_sample,sampled,10x12 Board,negamax,rich_eval,castle_tension,position fen r3k2r/pppq1ppp/2n1bn2/3pp3/3PP3/2N1BN2/PPP2PPP/R2Q1RK1 w kq - 0 9,e4d5,PASS,
stratified_variant_84,random_sample,sampled,10x12 Board,negamax,rich_eval,en_passant_window,position fen rnbqkbnr/pppp1ppp/8/4p3/3PPp2/8/PPP3PP/RNBQKBNR b KQkq d3 0 3,e5d4,PASS,
stratified_variant_84,random_sample,sampled,10x12 Board,negamax,rich_eval,promotion_race,position fen 8/P7/2k5/8/8/8/7p/2K5 w - - 0 1,a7a8q,PASS,
stratified_variant_85,random_sample,sampled,Bitboards,alpha_beta,rich_eval,startpos,position startpos,a2a3,PASS,
stratified_variant_85,random_sample,sampled,Bitboards,alpha_beta,rich_eval,castle_tension,position fen r3k2r/pppq1ppp/2n1bn2/3pp3/3PP3/2N1BN2/PPP2PPP/R2Q1RK1 w kq - 0 9,e4d5,PASS,
stratified_variant_85,random_sample,sampled,Bitboards,alpha_beta,rich_eval,en_passant_window,position fen rnbqkbnr/pppp1ppp/8/4p3/3PPp2/8/PPP3PP/RNBQKBNR b KQkq d3 0 3,e5d4,PASS,
stratified_variant_85,random_sample,sampled,Bitboards,alpha_beta,rich_eval,promotion_race,position fen 8/P7/2k5/8/8/8/7p/2K5 w - - 0 1,a7a8q,PASS,
stratified_variant_86,random_sample,sampled,Bitboards,negamax,rich_eval,startpos,position startpos,e2e4,PASS,
stratified_variant_86,random_sample,sampled,Bitboards,negamax,rich_eval,castle_tension,position fen r3k2r/pppq1ppp/2n1bn2/3pp3/3PP3/2N1BN2/PPP2PPP/R2Q1RK1 w kq - 0 9,e4d5,PASS,
stratified_variant_86,random_sample,sampled,Bitboards,negamax,rich_eval,en_passant_window,position fen rnbqkbnr/pppp1ppp/8/4p3/3PPp2/8/PPP3PP/RNBQKBNR b KQkq d3 0 3,d8h4,PASS,
stratified_variant_86,random_sample,sampled,Bitboards,negamax,rich_eval,promotion_race,position fen 8/P7/2k5/8/8/8/7p/2K5 w - - 0 1,a7a8q,PASS,
stratified_variant_87,random_sample,sampled,0x88,pruning_full,rich_eval,startpos,position startpos,e2e4,PASS,
stratified_variant_87,random_sample,sampled,0x88,pruning_full,rich_eval,castle_tension,position fen r3k2r/pppq1ppp/2n1bn2/3pp3/3PP3/2N1BN2/PPP2PPP/R2Q1RK1 w kq - 0 9,e4d5,PASS,
stratified_variant_87,random_sample,sampled,0x88,pruning_full,rich_eval,en_passant_window,position fen rnbqkbnr/pppp1ppp/8/4p3/3PPp2/8/PPP3PP/RNBQKBNR b KQkq d3 0 3,d8h4,PASS,
stratified_variant_87,random_sample,sampled,0x88,pruning_full,rich_eval,promotion_race,position fen 8/P7/2k5/8/8/8/7p/2K5 w - - 0 1,a7a8q,PASS,
stratified_variant_88,random_sample,sampled,Mailbox,minimax,rich_eval,startpos,position startpos,b1c3,PASS,
stratified_variant_88,random_sample,sampled,Mailbox,minimax,rich_eval,castle_tension,position fen r3k2r/pppq1ppp/2n1bn2/3pp3/3PP3/2N1BN2/PPP2PPP/R2Q1RK1 w kq - 0 9,d4e5,PASS,
stratified_variant_88,random_sample,sampled,Mailbox,minimax,rich_eval,en_passant_window,position fen rnbqkbnr/pppp1ppp/8/4p3/3PPp2/8/PPP3PP/RNBQKBNR b KQkq d3 0 3,e5d4,PASS,
stratified_variant_88,random_sample,sampled,Mailbox,minimax,rich_eval,promotion_race,position fen 8/P7/2k5/8/8/8/7p/2K5 w - - 0 1,a7a8q,PASS,
stratified_variant_89,random_sample,sampled,Bitboards,minimax,rich_eval,startpos,position startpos,e2e4,PASS,
stratified_variant_89,random_sample,sampled,Bitboards,minimax,rich_eval,castle_tension,position fen r3k2r/pppq1ppp/2n1bn2/3pp3/3PP3/2N1BN2/PPP2PPP/R2Q1RK1 w kq - 0 9,d4e5,PASS,
stratified_variant_89,random_sample,sampled,Bitboards,minimax,rich_eval,en_passant_window,position fen rnbqkbnr/pppp1ppp/8/4p3/3PPp2/8/PPP3PP/RNBQKBNR b KQkq d3 0 3,e5d4,PASS,
stratified_variant_89,random_sample,sampled,Bitboards,minimax,rich_eval,promotion_race,position fen 8/P7/2k5/8/8/8/7p/2K5 w - - 0 1,a7a8q,PASS,
stratified_variant_90,random_sample,sampled,Mailbox,pruning_full,rich_eval,startpos,position startpos,e2e4,PASS,
stratified_variant_90,random_sample,sampled,Mailbox,pruning_full,rich_eval,castle_tension,position fen r3k2r/pppq1ppp/2n1bn2/3pp3/3PP3/2N1BN2/PPP2PPP/R2Q1RK1 w kq - 0 9,d4e5,PASS,
stratified_variant_90,random_sample,sampled,Mailbox,pruning_full,rich_eval,en_passant_window,position fen rnbqkbnr/pppp1ppp/8/4p3/3PPp2/8/PPP3PP/RNBQKBNR b KQkq d3 0 3,d8h4,PASS,
stratified_variant_90,random_sample,sampled,Mailbox,pruning_full,rich_eval,promotion_race,position fen 8/P7/2k5/8/8/8/7p/2K5 w - - 0 1,a7a8q,PASS,
stratified_variant_91,random_sample,sampled,Mailbox,alpha_beta,rich_eval,startpos,position startpos,b1c3,PASS,
stratified_variant_91,random_sample,sampled,Mailbox,alpha_beta,rich_eval,castle_tension,position fen r3k2r/pppq1ppp/2n1bn2/3pp3/3PP3/2N1BN2/PPP2PPP/R2Q1RK1 w kq - 0 9,d4e5,PASS,
stratified_variant_91,random_sample,sampled,Mailbox,alpha_beta,rich_eval,en_passant_window,position fen rnbqkbnr/pppp1ppp/8/4p3/3PPp2/8/PPP3PP/RNBQKBNR b KQkq d3 0 3,e5d4,PASS,
stratified_variant_91,random_sample,sampled,Mailbox,alpha_beta,rich_eval,promotion_race,position fen 8/P7/2k5/8/8/8/7p/2K5 w - - 0 1,a7a8q,PASS,
stratified_variant_92,random_sample,sampled,10x12 Board,alpha_beta,rich_eval,startpos,position startpos,g1f3,PASS,
stratified_variant_92,random_sample,sampled,10x12 Board,alpha_beta,rich_eval,castle_tension,position fen r3k2r/pppq1ppp/2n1bn2/3pp3/3PP3/2N1BN2/PPP2PPP/R2Q1RK1 w kq - 0 9,d4e5,PASS,
stratified_variant_92,random_sample,sampled,10x12 Board,alpha_beta,rich_eval,en_passant_window,position fen rnbqkbnr/pppp1ppp/8/4p3/3PPp2/8/PPP3PP/RNBQKBNR b KQkq d3 0 3,d8h4,PASS,
stratified_variant_92,random_sample,sampled,10x12 Board,alpha_beta,rich_eval,promotion_race,position fen 8/P7/2k5/8/8/8/7p/2K5 w - - 0 1,a7a8q,PASS,
stratified_variant_93,random_sample,sampled,10x12 Board,minimax,rich_eval,startpos,position startpos,g1f3,PASS,
stratified_variant_93,random_sample,sampled,10x12 Board,minimax,rich_eval,castle_tension,position fen r3k2r/pppq1ppp/2n1bn2/3pp3/3PP3/2N1BN2/PPP2PPP/R2Q1RK1 w kq - 0 9,e4d5,PASS,
stratified_variant_93,random_sample,sampled,10x12 Board,minimax,rich_eval,en_passant_window,position fen rnbqkbnr/pppp1ppp/8/4p3/3PPp2/8/PPP3PP/RNBQKBNR b KQkq d3 0 3,e5d4,PASS,
stratified_variant_93,random_sample,sampled,10x12 Board,minimax,rich_eval,promotion_race,position fen 8/P7/2k5/8/8/8/7p/2K5 w - - 0 1,a7a8q,PASS,
stratified_variant_94,random_sample,sampled,0x88,alpha_beta,rich_eval,startpos,position startpos,g1f3,PASS,
stratified_variant_94,random_sample,sampled,0x88,alpha_beta,rich_eval,castle_tension,position fen r3k2r/pppq1ppp/2n1bn2/3pp3/3PP3/2N1BN2/PPP2PPP/R2Q1RK1 w kq - 0 9,e4d5,PASS,
stratified_variant_94,random_sample,sampled,0x88,alpha_beta,rich_eval,en_passant_window,position fen rnbqkbnr/pppp1ppp/8/4p3/3PPp2/8/PPP3PP/RNBQKBNR b KQkq d3 0 3,e5d4,PASS,
stratified_variant_94,random_sample,sampled,0x88,alpha_beta,rich_eval,promotion_race,position fen 8/P7/2k5/8/8/8/7p/2K5 w - - 0 1,a7a8q,PASS,
stratified_variant_95,random_sample,sampled,Mailbox,negamax,rich_eval,startpos,position startpos,e2e4,PASS,
stratified_variant_95,random_sample,sampled,Mailbox,negamax,rich_eval,castle_tension,position fen r3k2r/pppq1ppp/2n1bn2/3pp3/3PP3/2N1BN2/PPP2PPP/R2Q1RK1 w kq - 0 9,e4d5,PASS,
stratified_variant_95,random_sample,sampled,Mailbox,negamax,rich_eval,en_passant_window,position fen rnbqkbnr/pppp1ppp/8/4p3/3PPp2/8/PPP3PP/RNBQKBNR b KQkq d3 0 3,e5d4,PASS,
stratified_variant_95,random_sample,sampled,Mailbox,negamax,rich_eval,promotion_race,position fen 8/P7/2k5/8/8/8/7p/2K5 w - - 0 1,a7a8q,PASS,
stratified_variant_96,random_sample,sampled,Bitboards,pruning_full,rich_eval,startpos,position startpos,b1c3,PASS,
stratified_variant_96,random_sample,sampled,Bitboards,pruning_full,rich_eval,castle_tension,position fen r3k2r/pppq1ppp/2n1bn2/3pp3/3PP3/2N1BN2/PPP2PPP/R2Q1RK1 w kq - 0 9,d4e5,PASS,
stratified_variant_96,random_sample,sampled,Bitboards,pruning_full,rich_eval,en_passant_window,position fen rnbqkbnr/pppp1ppp/8/4p3/3PPp2/8/PPP3PP/RNBQKBNR b KQkq d3 0 3,e5d4,PASS,
stratified_variant_96,random_sample,sampled,Bitboards,pruning_full,rich_eval,promotion_race,position fen 8/P7/2k5/8/8/8/7p/2K5 w - - 0 1,a7a8q,PASS,
stratified_variant_97,random_sample,sampled,0x88,negamax,rich_eval,startpos,position startpos,b1c3,PASS,
stratified_variant_97,random_sample,sampled,0x88,negamax,rich_eval,castle_tension,position fen r3k2r/pppq1ppp/2n1bn2/3pp3/3PP3/2N1BN2/PPP2PPP/R2Q1RK1 w kq - 0 9,d4e5,PASS,
stratified_variant_97,random_sample,sampled,0x88,negamax,rich_eval,en_passant_window,position fen rnbqkbnr/pppp1ppp/8/4p3/3PPp2/8/PPP3PP/RNBQKBNR b KQkq d3 0 3,e5d4,PASS,
stratified_variant_97,random_sample,sampled,0x88,negamax,rich_eval,promotion_race,position fen 8/P7/2k5/8/8/8/7p/2K5 w - - 0 1,a7a8q,PASS,
stratified_variant_98,random_sample,sampled,0x88,minimax,rich_eval,startpos,position startpos,e2e4,PASS,
stratified_variant_98,random_sample,sampled,0x88,minimax,rich_eval,castle_tension,position fen r3k2r/pppq1ppp/2n1bn2/3pp3/3PP3/2N1BN2/PPP2PPP/R2Q1RK1 w kq - 0 9,d4e5,PASS,
stratified_variant_98,random_sample,sampled,0x88,minimax,rich_eval,en_passant_window,position fen rnbqkbnr/pppp1ppp/8/4p3/3PPp2/8/PPP3PP/RNBQKBNR b KQkq d3 0 3,e5d4,PASS,
stratified_variant_98,random_sample,sampled,0x88,minimax,rich_eval,promotion_race,position fen 8/P7/2k5/8/8/8/7p/2K5 w - - 0 1,a7a8q,PASS,
stratified_variant_99,random_sample,sampled,10x12 Board,pruning_full,rich_eval,startpos,position startpos,g1f3,PASS,
stratified_variant_99,random_sample,sampled,10x12 Board,pruning_full,rich_eval,castle_tension,position fen r3k2r/pppq1ppp/2n1bn2/3pp3/3PP3/2N1BN2/PPP2PPP/R2Q1RK1 w kq - 0 9,d4e5,PASS,
stratified_variant_99,random_sample,sampled,10x12 Board,pruning_full,rich_eval,en_passant_window,position fen rnbqkbnr/pppp1ppp/8/4p3/3PPp2/8/PPP3PP/RNBQKBNR b KQkq d3 0 3,e5d4,PASS,
stratified_variant_99,random_sample,sampled,10x12 Board,pruning_full,rich_eval,promotion_race,position fen 8/P7/2k5/8/8/8/7p/2K5 w - - 0 1,a7a8q,PASS,
stratified_variant_100,random_sample,sampled,10x12 Board,negamax,rich_eval,startpos,position startpos,b1c3,PASS,
stratified_variant_100,random_sample,sampled,10x12 Board,negamax,rich_eval,castle_tension,position fen r3k2r/pppq1ppp/2n1bn2/3pp3/3PP3/2N1BN2/PPP2PPP/R2Q1RK1 w kq - 0 9,e4d5,PASS,
stratified_variant_100,random_sample,sampled,10x12 Board,negamax,rich_eval,en_passant_window,position fen rnbqkbnr/pppp1ppp/8/4p3/3PPp2/8/PPP3PP/RNBQKBNR b KQkq d3 0 3,d8h4,PASS,
stratified_variant_100,random_sample,sampled,10x12 Board,negamax,rich_eval,promotion_race,position fen 8/P7/2k5/8/8/8/7p/2K5 w - - 0 1,a7a8q,PASS,
