id,feature_id,source_url,source_title,snippet,confidence,rule_id
tr_28201eab46ec,chess_engine_variability,https://www.chessprogramming.org/Main_Page,Main Page,The Chess Programming Wiki is a repository of information about programming computers to play chess .,0.49,seed_page_fallback
tr_92813737cc62,search,https://www.chessprogramming.org/0x88,0x88,Made for a decently fast and ordered capture search .,0.7,seed_keyword_match
tr_3e393411124c,evaluation,https://www.chessprogramming.org/ACM,ACM,", SIGACT News , SIGACT from Wikipedia SIGARCH, the ACM Special Interest Group on Computer Architecture , Computer Architecture News SIGART, the ACM Special Interest Group on Artificial Intelligence , SIGART Wiki SIGCHI,",0.62,seed_keyword_match
tr_b1e5bc20edef,move_generation,https://www.chessprogramming.org/0x88,0x88,"Home * Board Representation * Mailbox * Vector Attacks * 0x88 0x88 , a square centric board representation.",0.62,seed_keyword_match
tr_4916271f6acb,board_representation,https://www.chessprogramming.org/0x88,0x88,"Home * Board Representation * Mailbox * Vector Attacks * 0x88 0x88 , a square centric board representation.",0.62,seed_keyword_match
tr_37c9cd87d6bb,transposition_table,https://www.chessprogramming.org/Advances_in_Computer_Chess_8,Advances in Computer Chess 8,Home * Conferences * Advances in Computer Chess 8 < Prev Next > Vaeshartelt Castle [1] The 8th Advances in Computer Chess Conference was hosted by the University of Maastricht and held at Vaeshartelt Castle [2] in Maastr,0.62,seed_keyword_match
tr_8366daef9fc2,time_management,https://www.chessprogramming.org/Advances_in_Computer_Games_13,Advances in Computer Games 13,"Home * Conferences * Advances in Computer Games 13 < Prev Next > The Red Brick, Tilburg University [1] Advances in Computer Games 13 , from November 20 to 22, 2011 , Tilburg University , Tilburg [2] , The Netherlands .",0.62,seed_keyword_match
tr_91a58ac24f0e,parallelism,https://www.chessprogramming.org/Advances_in_Computer_Chess_8,Advances in Computer Chess 8,Home * Conferences * Advances in Computer Chess 8 < Prev Next > Vaeshartelt Castle [1] The 8th Advances in Computer Chess Conference was hosted by the University of Maastricht and held at Vaeshartelt Castle [2] in Maastr,0.62,seed_keyword_match
tr_1167f5a31911,endgame,https://www.chessprogramming.org/Advances_in_Computer_Chess_3,Advances in Computer Chess 3,Machine-Aided Refinement of Correct Strategies for the Endgame in Chess.,0.7,seed_keyword_match
tr_c34895aed6d0,opening,https://www.chessprogramming.org/Advances_in_Computer_Chess_3,Advances in Computer Chess 3,"The conference was planned and organized by Mike Clarke , who especially welcomed Mikhail Botvinnik at the opening ceremony [2] .",0.7,seed_keyword_match
tr_26f14b22f994,protocol,https://www.chessprogramming.org/Alen_Shapiro,Alen Shapiro,"Home * People * Alen Shapiro Alen David Shapiro , a British computer scientist, who as student of Donald Michie at Department of Machine Intelligence at University of Edinburgh researched on decision tree algorithms and",0.62,seed_keyword_match
tr_b98ec27f20cd,tuning,https://www.chessprogramming.org/ACPP,ACPP,"Home * Engines * ACPP Structure of ACCP [1] ACPP , (Advanced Chess Playing Program) an experimental chess program by William Tunstall-Pedoe , which was research vehicle on genetic algorithms and automated tuning , descri",0.7,seed_keyword_match
tr_fd61f71696ca,pruning_reductions,https://www.chessprogramming.org/Advances_in_Computer_Games_11,Advances in Computer Games 11,"Home * Conferences * Advances in Computer Games 11 < Prev Next > Institute of Information Science [1] The 11th Advances in Computer Games was held from September 6 - 8, 2005 , at the Institute of Information Science, Aca",0.62,seed_keyword_match
tr_5db712c0ece0,feat_alpha_beta,https://www.chessprogramming.org/Alexander_Brudno,Alexander Brudno,"Brudno independently discovered the alpha-beta algorithm , published 1963 in Problemy Kibernetiki [3] .",0.74,link_anchor
tr_27eb853b8e92,feat_alpha_beta,https://www.chessprogramming.org/Algorithms,Algorithms,8 External Links 8.1 Algorithms 8.1.1 Algebra and Calculus 8.1.2 Graphics 8.1.3 Linear Programming 8.1.4 Sorting and Searching 8.2 Complexity 8.3 Misc 9 References General Concepts [ edit ] General Setwise Operations Ite,0.66,link_anchor
tr_d6503d7f02e4,feat_quiescence_search,https://www.chessprogramming.org/0x88,0x88,"Home * Board Representation * Mailbox * Vector Attacks * 0x88 0x88 , a square centric board representation.",0.66,link_anchor
tr_76dcabf76dd5,feat_quiescence_search,https://www.chessprogramming.org/ACPP,ACPP,"The method eventually adopted was using a set of about 28,000 grandmaster positions to apply Move adaption with a shallow one ply plus quiescence search.",0.74,link_anchor
tr_62c6530a72ef,feat_null_move,https://www.chessprogramming.org/Amoeba,Amoeba,4 External Links 4.1 Chess Engine 4.2 Misc 5 References Features [ edit ] [6] Board Representation [ edit ] Bitboards Hyperbola Quintessence and Rank Attacks Mailbox Staged Move Generation Search [ edit ] Iterative Deepe,0.66,link_anchor
tr_f3ad092ae4bc,feat_null_move,https://www.chessprogramming.org/Arasan,Arasan,"PEXT/PDEP Bitboards [ edit ] Arasan 20.3 , released in November 2017, performs PEXT/PDEP Bitboards if compiled for the BMI2 instruction set [10] to replace Fancy Magic Bitboards in looking up sliding piece attacks [11] S",0.66,link_anchor
tr_356a5e22a19f,feat_principal_variation_search,https://www.chessprogramming.org/Algorithms,Algorithms,8 External Links 8.1 Algorithms 8.1.1 Algebra and Calculus 8.1.2 Graphics 8.1.3 Linear Programming 8.1.4 Sorting and Searching 8.2 Complexity 8.3 Misc 9 References General Concepts [ edit ] General Setwise Operations Ite,0.66,link_anchor
tr_f351059d55ee,feat_principal_variation_search,https://www.chessprogramming.org/Amoeba,Amoeba,4 External Links 4.1 Chess Engine 4.2 Misc 5 References Features [ edit ] [6] Board Representation [ edit ] Bitboards Hyperbola Quintessence and Rank Attacks Mailbox Staged Move Generation Search [ edit ] Iterative Deepe,0.66,link_anchor
tr_85ade1ef04eb,feat_mobility,https://www.chessprogramming.org/ACPP,ACPP,Contents 1 Features 2 Weights 3 Fitness 4 Results 5 Conclusion 6 See also 7 Publications 8 External Links 9 References Features [ edit ] Material Mobility (Number of Pseudo-Legal Moves ) Center Control Development Queen,0.74,link_anchor
tr_5c96f35a9300,feat_mobility,https://www.chessprogramming.org/Amoeba,Amoeba,4 External Links 4.1 Chess Engine 4.2 Misc 5 References Features [ edit ] [6] Board Representation [ edit ] Bitboards Hyperbola Quintessence and Rank Attacks Mailbox Staged Move Generation Search [ edit ] Iterative Deepe,0.66,link_anchor
tr_a21e71d30f49,feat_parallel_search,https://www.chessprogramming.org/Algorithms,Algorithms,8 External Links 8.1 Algorithms 8.1.1 Algebra and Calculus 8.1.2 Graphics 8.1.3 Linear Programming 8.1.4 Sorting and Searching 8.2 Complexity 8.3 Misc 9 References General Concepts [ edit ] General Setwise Operations Ite,0.66,link_anchor
tr_4792239f556a,feat_parallel_search,https://www.chessprogramming.org/BBChess_(SI),BBChess (SI),"It performs a parallel search using threads , PVS , and determines sliding piece attacks with magic bitboards .",0.74,link_anchor
tr_3e5d6a94abe4,feat_search_tree,https://www.chessprogramming.org/Alexander_Brudno,Alexander Brudno,"Landis invented the binary search tree (""dichotomic inquiry"") and A.",0.74,link_anchor
tr_d1f35e41852b,feat_search_tree,https://www.chessprogramming.org/Allen_Newell,Allen Newell,"Home * People * Allen Newell Allen Newell [1] Allen Newell , (March 19, 1927 - July 19, 1992) was a American researcher in computer science and pioneer in the field of artificial intelligence and chess software [2] at th",0.66,link_anchor
tr_c3e5acc41233,feat_negamax,https://www.chessprogramming.org/Faile,Faile,"Contents 1 Description 2 Publications 3 Forum Posts 4 External Links 4.1 Chess Engine 4.2 Misc 5 References Description [ edit ] Faile uses a 12x12 mailbox board representation plus piece lists , negamax alpha-beta with",0.78,link_anchor
tr_c329ec8f2abe,feat_negamax,https://www.chessprogramming.org/Iteration,Iteration,"Search [ edit ] While the ""horizontal"" iteration of the move loop appears in one node, the ""vertical"" edges of the search tree , that is actually making the move and recursively calling the negamaxed search routine for t",0.78,link_anchor
tr_91cf08223726,feat_piece_square_tables,https://www.chessprogramming.org/Amir_Ban,Amir Ban,"Home * People * Amir Ban Amir Ban with Shannon Trophy , WCCC 2013 [1] Amir Ban , an Israeli computer scientist with a Ph.D.",0.66,link_anchor
tr_15658aad3028,feat_piece_square_tables,https://www.chessprogramming.org/Arasan,Arasan,Traditional [ edit ] Material Piece-Square Tables Development Mobility Trapped Pieces Rooks on (Semi) Open Files Outposts Pawn Structure Pawn Hash Table Backward Pawn Doubled Pawn Isolated Pawn Passed Pawn Connected Pass,0.74,link_anchor
tr_11308ddb4d45,feat_neural_networks,https://www.chessprogramming.org/Alan_J._Lockett,Alan J. Lockett,Neuroannealing applies evolutionary annealing to evolve and learn neural networks [2] .,0.74,link_anchor
tr_eeb097157d4e,feat_neural_networks,https://www.chessprogramming.org/Eric_B._Baum,Eric B. Baum,"His research interests include machine learning , neural networks , genetic algorithms and game tree search , in particular the BPIP-DFISA (Best play for imperfect players - Depth free independent staircase approximation",0.74,link_anchor
tr_c6af7f6d8c9e,feat_static_exchange_evaluation,https://www.chessprogramming.org/Amoeba,Amoeba,4 External Links 4.1 Chess Engine 4.2 Misc 5 References Features [ edit ] [6] Board Representation [ edit ] Bitboards Hyperbola Quintessence and Rank Attacks Mailbox Staged Move Generation Search [ edit ] Iterative Deepe,0.66,link_anchor
tr_947252dec2cc,feat_static_exchange_evaluation,https://www.chessprogramming.org/Arasan,Arasan,"Home * Engines * Arasan Arasan , an open source engine written by Jon Dart in C++ .",0.66,link_anchor
tr_526bdb60caeb,feat_lazy_evaluation,https://www.chessprogramming.org/Amoeba,Amoeba,4 External Links 4.1 Chess Engine 4.2 Misc 5 References Features [ edit ] [6] Board Representation [ edit ] Bitboards Hyperbola Quintessence and Rank Attacks Mailbox Staged Move Generation Search [ edit ] Iterative Deepe,0.66,link_anchor
tr_5edfa54afc71,feat_lazy_evaluation,https://www.chessprogramming.org/Depth,Depth,A search routine should nevertheless check the upper bound of the search stack to immediate return a lazy evaluation score or material balance when the ply index threatens overflow.,0.74,link_anchor
tr_45bc77d5f87f,feat_evaluation_function,https://www.chessprogramming.org/CilkChess,CilkChess,The evaluation function has been tuned from thousands of self-play games using a temporal-coherence learning algorithm.,0.74,link_anchor
tr_da64a2c70102,feat_evaluation_function,https://www.chessprogramming.org/Evaluation,Evaluation,Computer evaluation functions also use the value of the material balance as the most significant aspect and then add other considerations.,0.78,link_anchor
tr_a7ce973cf5ea,feat_nnue,https://www.chessprogramming.org/Arasan,Arasan,"Jon's change logs, bug fix reports and tournament reports over the time are available from forum archives , as well the recent ones from the Arasan blog [4] அரசன் அரசன் [5] (Arasan) , King in Tamil language [6] Contents",0.9,heading_match
tr_a7ce973cf5ea,feat_nnue,https://www.chessprogramming.org/Arasan,Arasan,"Jon's change logs, bug fix reports and tournament reports over the time are available from forum archives , as well the recent ones from the Arasan blog [4] அரசன் அரசன் [5] (Arasan) , King in Tamil language [6] Contents",0.66,link_anchor
tr_e1b6203d7a13,feat_evaluation_hash_table,https://www.chessprogramming.org/Deuterium,Deuterium,5 External Links 5.1 Chess Engine 5.2 Misc 6 References Features [ edit ] [3] Board Representation [ edit ] 8x8 Board Piece-Lists Search [ edit ] Iterative Deepening Aspiration Windows Fail-Soft NegaScout Transposition T,0.66,link_anchor
tr_85c707bcc41f,feat_evaluation_hash_table,https://www.chessprogramming.org/Evaluation,Evaluation,"General Aspects [ edit ] Evaluation Philosophy Pawn Advantage, Win Percentage, and Elo Value Range Basic Evaluation Features [ edit ] Material Piece-Square Tables Pawn Structure Evaluation of Pieces Evaluation Patterns M",0.66,link_anchor
tr_728770e094e1,feat_evaluation_of_pieces,https://www.chessprogramming.org/Evaluation,Evaluation,"General Aspects [ edit ] Evaluation Philosophy Pawn Advantage, Win Percentage, and Elo Value Range Basic Evaluation Features [ edit ] Material Piece-Square Tables Pawn Structure Evaluation of Pieces Evaluation Patterns M",0.74,link_anchor
tr_a2fb150a987d,feat_evaluation_of_pieces,https://www.chessprogramming.org/Faile,Faile,"Home * Engines * Faile Faile , a Chess Engine Communication Protocol compatible open source chess program under the MIT License by Adrien M.",0.66,link_anchor
tr_7e7907d224f9,feat_bitboards,https://www.chessprogramming.org/0x88,0x88,"History [ edit ] Hyatt [ edit ] In a reply to Valavan Manohararajah in 1996, Robert Hyatt mentioned he used 0x88 in Cray Blitz , and changed to bitboards in the 1982-83 time-frame [2] .",0.74,link_anchor
tr_dbda94be0a00,feat_bitboards,https://www.chessprogramming.org/8x8_Board,8x8 Board,See also [ edit ] 10x12 Board Array of Nibbles Bitboards Square Mapping Considerations Table-driven Move Generation Vector Attacks 0x88 Publications [ edit ] Claude Shannon ( 1949 ).,0.74,link_anchor
tr_7adad9004154,feat_move_ordering,https://www.chessprogramming.org/ACPP,ACPP,"While Tunstall-Pedoe mentioned the applicability of GA in search parameter tuning for instance with impact in move ordering , he focused on evaluation weights.",0.74,link_anchor
tr_20c8e8e644ac,feat_move_ordering,https://www.chessprogramming.org/Algorithms,Algorithms,8 External Links 8.1 Algorithms 8.1.1 Algebra and Calculus 8.1.2 Graphics 8.1.3 Linear Programming 8.1.4 Sorting and Searching 8.2 Complexity 8.3 Misc 9 References General Concepts [ edit ] General Setwise Operations Ite,0.66,link_anchor
tr_4c8a43b4afc7,feat_magic_bitboards,https://www.chessprogramming.org/Arasan,Arasan,"In 2008, rotated were replaced by Magic bitboards , which gave Arasan about a 20-25% speedup [1] .",0.98,heading_match
tr_4c8a43b4afc7,feat_magic_bitboards,https://www.chessprogramming.org/Arasan,Arasan,"In 2008, rotated were replaced by Magic bitboards , which gave Arasan about a 20-25% speedup [1] .",0.74,link_anchor
tr_4ee99aa34f9c,feat_captures,https://www.chessprogramming.org/ACPP,ACPP,"Home * Engines * ACPP Structure of ACCP [1] ACPP , (Advanced Chess Playing Program) an experimental chess program by William Tunstall-Pedoe , which was research vehicle on genetic algorithms and automated tuning , descri",0.66,link_anchor
tr_fc8aad9b1e9b,feat_captures,https://www.chessprogramming.org/Castling_Rights,Castling Rights,"Rook-moves from their original square , or captures of rooks on their original squares reset the appropriate castling bits per wing and side.",0.74,link_anchor
tr_697f98af4926,feat_bitboard_serialization,https://www.chessprogramming.org/Backtracking,Backtracking,"Home * Programming * Algorithms * Backtracking Eight queens puzzle [1] Backtracking , a general search algorithm for finding solutions of certain computational problems .",0.66,link_anchor
tr_dc03501c0b36,feat_bitboard_serialization,https://www.chessprogramming.org/BitScan,BitScan,Engine Samples [ edit ] BitScan in Amundsen BitScan in Chess 0.5 BitScan in CookieCat BitScan in Crafty (23.5) BitScan in Gibbon BitScan in Gk BitScan in HeavyChess BitScan in Kurt BitScan in Murka BitScan in Prophet Bit,0.66,link_anchor
tr_158aaba3c8b0,feat_bitboard_board_definition,https://www.chessprogramming.org/Bitboard_Board-Definition,Bitboard Board-Definition,"Home * Board Representation * Bitboards * Bitboard Board-Definition To represent the board we typically need one bitboard for each piece-type and color - likely encapsulated inside a class or structure, or as an array of",0.98,heading_match
tr_0253c871c9ac,feat_bitboard_board_definition,https://www.chessprogramming.org/Bitboards,Bitboards,"Home * Board Representation * Bitboards Samuel Bak - Boards Meeting [1] Bitboards , also called bitsets or bitmaps, or better Square Sets , are among other things used to represent the board inside a chess program in a p",0.66,link_anchor
tr_8b97a29baca7,feat_rotated_bitboards,https://www.chessprogramming.org/Arasan,Arasan,"Magic Bitboards [ edit ] Jon Dart , August 2008 [9]  : The main change has been to re-work the code to use ""magic"" bitboard logic instead of rotated bitboards .",0.78,link_anchor
tr_4df9afa0bd56,feat_rotated_bitboards,https://www.chessprogramming.org/Attack_and_Defend_Maps,Attack and Defend Maps,"by Maksim Korzh , CCC , November 21, 2018 » Incremental Updates Fast SEE (Ed's lookup revisited) by Harm Geert Muller , CCC , December 17, 2018 » Ed's lookup , SEE References [ edit ] ↑ The Game Continues - Chess in the",0.66,link_anchor
tr_c33dcf8fb33e,feat_looking_for_magics,https://www.chessprogramming.org/Backtracking,Backtracking,Contents 1 History 2 Applications 2.1 De Bruijn Sequences 2.2 Looking for Magics 2.3 8Q in Bitboards 2.3.1 Code 2.3.2 Node Counts 2.3.3 Data and Print 2.4 N Queens 2.4.1 By Marcel van Kervinck 2.4.2 By Tony Lezard 3 See,0.98,heading_match
tr_c33dcf8fb33e,feat_looking_for_magics,https://www.chessprogramming.org/Backtracking,Backtracking,Contents 1 History 2 Applications 2.1 De Bruijn Sequences 2.2 Looking for Magics 2.3 8Q in Bitboards 2.3.1 Code 2.3.2 Node Counts 2.3.3 Data and Print 2.4 N Queens 2.4.1 By Marcel van Kervinck 2.4.2 By Tony Lezard 3 See,0.74,link_anchor
tr_1ae503d8afaa,feat_mailbox,https://www.chessprogramming.org/0x88,0x88,"Home * Board Representation * Mailbox * Vector Attacks * 0x88 0x88 , a square centric board representation.",0.74,link_anchor
tr_953a771a63e0,feat_mailbox,https://www.chessprogramming.org/10x12_Board,10x12 Board,"Home * Board Representation * Mailbox * 10x12 Board The 10x12 Board embeds the 8x8 board array , surrounded by sentinel files and ranks to recognize off the board indices while generating moves using offsets per piece an",0.74,link_anchor
tr_f366149db676,feat_0x88,https://www.chessprogramming.org/0x88,0x88,"Home * Board Representation * Mailbox * Vector Attacks * 0x88 0x88 , a square centric board representation.",0.9,bold_term
tr_f366149db676,feat_0x88,https://www.chessprogramming.org/0x88,0x88,"Home * Board Representation * Mailbox * Vector Attacks * 0x88 0x88 , a square centric board representation.",0.98,heading_match
tr_7d1743e7fead,feat_copy_make,https://www.chessprogramming.org/Board_Representation,Board Representation,Move Generation Perft Make and Unmake [ edit ] Incremental Updates Copy-Make Make Move Unmake Move Bitboard Update By Move See Also [ edit ] Array of Nibbles Attack and Defend Maps Chess Position Extended Position Descri,0.74,link_anchor
tr_341b70e062f8,feat_copy_make,https://www.chessprogramming.org/Chess_Position,Chess Position,Incremental Updates Copy-Make Positions [ edit ] Initial Position Test-Positions Notations [ edit ] Extended Position Description (EPD) Forsyth-Edwards Notation (FEN) Forsyth-Edwards Expanded Notation (FEEN) Flipping and,0.74,link_anchor
tr_07a544b68bd2,feat_zobrist_hashing,https://www.chessprogramming.org/Castling_Rights,Castling Rights,"See also [ edit ] Castling Chess960 Irreversible Moves King Safety Unmake Move Zobrist Hashing Forum Posts [ edit ] 1999 [ edit ] Hash Tables - Should one store EP, Castling rights etc?",0.74,link_anchor
tr_898c5a5918c3,feat_zobrist_hashing,https://www.chessprogramming.org/Chess_Position,Chess Position,"[ edit ] sri-unix.426: compact representation of a position by Bill Vaughan , net.chess January 5, 1982 Re: sri-unix.426: compact representation of a position by Tom Truscott , net.chess , January 5, 1982 Re: sri-unix.44",0.66,link_anchor
tr_2e4e2593cf0e,feat_10x12_board,https://www.chessprogramming.org/0x88,0x88,"Conclusion [ edit ] A combination of 0x88 and 10x12 Board with surrounded ranks, that is 16x12 or even 16x16 for a symmetric treatment of files and ranks (or 15x12, 15x15) seems slightly more efficient than pure 0x88 aka",0.78,link_anchor
tr_9d1ea8feec13,feat_10x12_board,https://www.chessprogramming.org/10x12_Board,10x12 Board,"Home * Board Representation * Mailbox * 10x12 Board The 10x12 Board embeds the 8x8 board array , surrounded by sentinel files and ranks to recognize off the board indices while generating moves using offsets per piece an",0.9,bold_term
tr_c516dd4165a5,feat_make_move,https://www.chessprogramming.org/Attack_and_Defend_Maps,Attack and Defend Maps,"Home * Programming * Data * Attack and Defend Maps Samuel Bak - Sheltering Myths, 1998 [1] Attack and Defend Maps , also called Attack Tables , refer to data-structures, most often arrays , containing attack or defend in",0.66,link_anchor
tr_dbdec524093d,feat_make_move,https://www.chessprogramming.org/Bitboard_Board-Definition,Bitboard Board-Definition,"Home * Board Representation * Bitboards * Bitboard Board-Definition To represent the board we typically need one bitboard for each piece-type and color - likely encapsulated inside a class or structure, or as an array of",0.66,link_anchor
tr_7ea1542d7b59,feat_unmake_move,https://www.chessprogramming.org/Attack_and_Defend_Maps,Attack and Defend Maps,"Home * Programming * Data * Attack and Defend Maps Samuel Bak - Sheltering Myths, 1998 [1] Attack and Defend Maps , also called Attack Tables , refer to data-structures, most often arrays , containing attack or defend in",0.66,link_anchor
tr_e76a842ab61c,feat_unmake_move,https://www.chessprogramming.org/Bitboard_Board-Definition,Bitboard Board-Definition,"Home * Board Representation * Bitboards * Bitboard Board-Definition To represent the board we typically need one bitboard for each piece-type and color - likely encapsulated inside a class or structure, or as an array of",0.66,link_anchor
tr_40591d612f48,feat_hash_table,https://www.chessprogramming.org/Alexander_Brudno,Alexander Brudno,"Home * People * Alexander Brudno Alexander Brudno [1] Alexander L'vovich Brudno , (Александр Львович Брудно, January 10, 1918 – December 1, 2009) was a Russian Jewish mathematician, computer scientist and computer chess",0.66,link_anchor
tr_c349866f82d0,feat_hash_table,https://www.chessprogramming.org/Algorithms,Algorithms,8 External Links 8.1 Algorithms 8.1.1 Algebra and Calculus 8.1.2 Graphics 8.1.3 Linear Programming 8.1.4 Sorting and Searching 8.2 Complexity 8.3 Misc 9 References General Concepts [ edit ] General Setwise Operations Ite,0.66,link_anchor
tr_b556b6d2dc6c,feat_pawn_hash_table,https://www.chessprogramming.org/Arasan,Arasan,Traditional [ edit ] Material Piece-Square Tables Development Mobility Trapped Pieces Rooks on (Semi) Open Files Outposts Pawn Structure Pawn Hash Table Backward Pawn Doubled Pawn Isolated Pawn Passed Pawn Connected Pass,0.74,link_anchor
tr_9096f79e5a5c,feat_pawn_hash_table,https://www.chessprogramming.org/Deuterium,Deuterium,5 External Links 5.1 Chess Engine 5.2 Misc 6 References Features [ edit ] [3] Board Representation [ edit ] 8x8 Board Piece-Lists Search [ edit ] Iterative Deepening Aspiration Windows Fail-Soft NegaScout Transposition T,0.66,link_anchor
tr_497089f6d3d9,feat_transposition,https://www.chessprogramming.org/Chess_Position,Chess Position,Incremental Updates Copy-Make Positions [ edit ] Initial Position Test-Positions Notations [ edit ] Extended Position Description (EPD) Forsyth-Edwards Notation (FEN) Forsyth-Edwards Expanded Notation (FEEN) Flipping and,0.66,link_anchor
tr_1a47aa86f276,feat_transposition,https://www.chessprogramming.org/Dynamic_Programming,Dynamic Programming,"4 External Links 5 References DP in Computer Chess [ edit ] In computer chess, dynamic programming is applied in depth-first search with memoization aka using a transposition table and/or other hash tables while traversi",0.78,link_anchor
tr_c45a7a13cb4a,feat_hash_move,https://www.chessprogramming.org/DirGolem,DirGolem,"Home * Board Representation * Move Generation * DirGolem The Golem [1] DirGolem , Direction-wise Generation of Legal Moves , is best done with vectors of bitboards applying AltiVec , SSE2 , AVX2 or similar SIMD architect",0.7,link_anchor
tr_64b52843ac37,feat_hash_move,https://www.chessprogramming.org/Move_Generation,Move Generation,"hash move first, then captures , then killer moves , then all the rest in a chunk) on the premise that if one of the early moves causes a cutoff, then we may save on the effort of generating the rest of the moves [2] .",0.74,link_anchor
tr_f2aea38db110,feat_texel,https://www.chessprogramming.org/Fifty-move_Rule,Fifty-move Rule,"[ edit ] Repetitions/50 moves and TT by Sergei Markoff , CCC , September 13, 2011 Texel recipe to fix TT draws scores by Marco Costalba , CCC , June 23, 2012 » Texel Draw by 50 move rule or mate by Harald Lüßen , CCC , O",0.74,link_anchor
tr_06f4810d6170,feat_texel,https://www.chessprogramming.org/History_Heuristic,History Heuristic,"[ edit ] Improving History Tables by Bill Henry , CCC , March 02, 2015 History counters by Robert Hyatt , CCC , May 12, 2015 History heuristic and fixed depth search by Peter Österlund , CCC , May 16, 2015 » Late Move Re",0.66,link_anchor
tr_3584551d58fc,feat_pawn_hash_index,https://www.chessprogramming.org/Pawn_Hash_Table,Pawn Hash Table,Contents 1 Pawn Hash Index 2 See also 3 Forum Posts 3.1 1999 3.2 2000 ...,0.98,heading_match
tr_e379d11c1559,feat_pondering,https://www.chessprogramming.org/History,History,"1970 Shannon Type A , Pondering Kaissa Mikhail Donskoy et al.",0.74,link_anchor
tr_1e4abb117a87,feat_pondering,https://www.chessprogramming.org/Iteration,Iteration,"The next iteration either starts after the program played its move and starts pondering , or the user entered a move .",0.74,link_anchor
tr_53e80f272ef0,feat_anti_clockwise,https://www.chessprogramming.org/Flipping_Mirroring_and_Rotating,Flipping Mirroring and Rotating,Contents 1 The whole Bitboard 1.1 Flip and Mirror 1.1.1 Vertical 1.1.2 Horizontal 1.1.3 Generalized 1.1.4 Diagonal 1.1.5 Anti-Diagonal 1.2 Rotating 1.2.1 By 180 degrees - Bit-Reversal 1.2.2 By 90 degrees Clockwise 1.2.3,0.9,heading_match
tr_9b1770b3d8f5,feat_by_90_degrees_anti_clockwise,https://www.chessprogramming.org/Flipping_Mirroring_and_Rotating,Flipping Mirroring and Rotating,Contents 1 The whole Bitboard 1.1 Flip and Mirror 1.1.1 Vertical 1.1.2 Horizontal 1.1.3 Generalized 1.1.4 Diagonal 1.1.5 Anti-Diagonal 1.2 Rotating 1.2.1 By 180 degrees - Bit-Reversal 1.2.2 By 90 degrees Clockwise 1.2.3,0.9,heading_match
tr_363e706e7fca,feat_by_90_degrees_clockwise,https://www.chessprogramming.org/Flipping_Mirroring_and_Rotating,Flipping Mirroring and Rotating,Contents 1 The whole Bitboard 1.1 Flip and Mirror 1.1.1 Vertical 1.1.2 Horizontal 1.1.3 Generalized 1.1.4 Diagonal 1.1.5 Anti-Diagonal 1.2 Rotating 1.2.1 By 180 degrees - Bit-Reversal 1.2.2 By 90 degrees Clockwise 1.2.3,0.98,heading_match
tr_635113ae02f2,feat_doubling_time_control,https://www.chessprogramming.org/Match_Statistics,Match Statistics,Timecontrol Draw Ratio Win Ratio (white) Source 40/4 30.9% 55.0% CEGT 40/20 35.6% 54.6% CEGT 40/120 41.3% 55.4% CEGT 40/120 (4cpu) 45.2% 55.9% CEGT Timecontrol Draw Ratio Win Ratio (white) Source 40/4 31.0% 54.1% CCRL 40,0.82,bold_term
tr_0f7b79587f52,feat_parallel_prefix_algorithms,https://www.chessprogramming.org/Algorithms,Algorithms,8 External Links 8.1 Algorithms 8.1.1 Algebra and Calculus 8.1.2 Graphics 8.1.3 Linear Programming 8.1.4 Sorting and Searching 8.2 Complexity 8.3 Misc 9 References General Concepts [ edit ] General Setwise Operations Ite,0.66,link_anchor
tr_55218541eae7,feat_parallel_prefix_algorithms,https://www.chessprogramming.org/BitScan,BitScan,Home * Board Representation * Bitboards * BitScan M.,0.66,link_anchor
tr_c042fc15f27b,feat_lazy_smp,https://www.chessprogramming.org/Arasan,Arasan,"PEXT/PDEP Bitboards [ edit ] Arasan 20.3 , released in November 2017, performs PEXT/PDEP Bitboards if compiled for the BMI2 instruction set [10] to replace Fancy Magic Bitboards in looking up sliding piece attacks [11] S",0.66,link_anchor
tr_013ac063c463,feat_lazy_smp,https://www.chessprogramming.org/EXchess,EXchess,Contents 1 Board Representation 2 Search 3 Lazy SMP 4 TD-leaf 5 Forum Posts 5.1 1997 ...,0.98,heading_match
tr_40e37c6c1f8f,feat_parallel_computing,https://www.chessprogramming.org/Duane_Szafron,Duane Szafron,"He has been doing research in object-oriented computing since 1980, including language design, language implementation, programming environments and parallel computing .",0.74,link_anchor
tr_46ef9be41227,feat_parallel_computing,https://www.chessprogramming.org/Programming,Programming,Contents 1 Programming Topics 1.1 Basics 1.2 Parallelism 1.3 Misc Programming 1.4 GUI Programming 2 Bug Hunting 3 Optimization 4 Standards 4.1 Position 4.2 Games 4.3 Protocols 5 See also 6 Selected Publications 7 Forum P,0.66,link_anchor
tr_8f9b836af3b1,feat_parallel_prefix_adds,https://www.chessprogramming.org/Population_Count,Population Count,2.1 Empty Bitboards 2.2 Single Populated Bitboards 3 Loop-Approaches 3.1 Too Slow 3.2 Brian Kernighan's way 4 Lookup 5 SWAR-Popcount 5.1 Counting Duo-Bits 5.2 Counting Nibble-Bits 5.3 Byte-Counts 5.4 Adding the Byte-Coun,0.9,heading_match
tr_2724a5268a8a,feat_transactions_on_parallel_and_distributed_systems,https://www.chessprogramming.org/IEEE,IEEE,Contents 1 Publications 1.1 Computational Intelligence & Games 1.2 Computational Intelligence Magazine 1.3 Symposium Series on Computational Intelligence 1.4 Computer 1.5 Computer Graphics and Applications 1.6 Computer S,0.9,heading_match
tr_bea60866e77a,feat_kbnk_endgame,https://www.chessprogramming.org/Barbara_Liskov,Barbara Liskov,"Home * People * Barbara Liskov Barbara Huberman [1] Barbara Liskov , (née Barbara Jane Huberman in 1939) an American mathematician, computer scientist and Ford Professor at MIT School of Engineering at Massachusetts Inst",0.66,link_anchor
tr_7a9ff6438c3e,feat_kbnk_endgame,https://www.chessprogramming.org/KnightCap,KnightCap,"by David John Blackman , rgcc , September 18, 1997 » KBNK Endgame KnightCap---A free chess program that learns by Jonathan Baxter , CCC , November 26, 1997 Parameter Tuning by Jonathan Baxter , CCC , October 01, 1998 » A",0.74,link_anchor
tr_5e61176af719,feat_edwards_tablebases,https://www.chessprogramming.org/Ernst_A._Heinz,Ernst A. Heinz,3 External Links 4 References Scalable Search Topics [ edit ] AEL-Pruning Adaptive Null Move Pruning Extended Futility Pruning Limited Razoring Perfect Knowledge Interior Node Recognizer Endgame Tablebases Edwards' Table,0.66,link_anchor
tr_255eb1284093,feat_rti_endgame_study,https://www.chessprogramming.org/Mikhail_Botvinnik,Mikhail Botvinnik,"2  » Réti Endgame Study [22] Mikhail Botvinnik , Evgeniĭ Dmitrievich Cherevik , Vasily Vladimirov , Vitaly Vygodsky ( 1994 ).",0.74,link_anchor
tr_2774707b2f18,feat_opening_book,https://www.chessprogramming.org/Amoeba,Amoeba,"Home * Engines * Amoeba Amoeba search of Simionescu function [1] Amoeba , an UCI compliant open source chess engine by Richard Delorme , written in the D programming language , first released in May 2016 [2] , licensed u",0.66,link_anchor
tr_ae7c2127a31d,feat_opening_book,https://www.chessprogramming.org/CG_2000,CG 2000,Strategies for the Automatic Construction of Opening Books .,0.74,link_anchor
tr_dc14414ccd07,feat_polyglot,https://www.chessprogramming.org/Deuterium,Deuterium,5 External Links 5.1 Chess Engine 5.2 Misc 6 References Features [ edit ] [3] Board Representation [ edit ] 8x8 Board Piece-Lists Search [ edit ] Iterative Deepening Aspiration Windows Fail-Soft NegaScout Transposition T,0.66,link_anchor
tr_a788108a0964,feat_polyglot,https://www.chessprogramming.org/En_passant,En passant,"[ edit ] en passant and hash key calculation by Fred Hamilton , CCC , March 21, 2010 Komodo 3 and a minor bug by Jouni Uski , CCC , September 02, 2011 Re: Causes for inconsistent benchmark signatures by Evert Glebbeek ,",0.66,link_anchor
tr_57f681f19b11,feat_uci,https://www.chessprogramming.org/Amoeba,Amoeba,"Home * Engines * Amoeba Amoeba search of Simionescu function [1] Amoeba , an UCI compliant open source chess engine by Richard Delorme , written in the D programming language , first released in May 2016 [2] , licensed u",0.74,link_anchor
tr_d3d8563c9da3,feat_uci,https://www.chessprogramming.org/David_Eppstein,David Eppstein,2 Forum Posts 3 Blog Posts 4 External Links 4.1 ICS.UCI.EDU 5 References Selected Publications [ edit ] [3] [4] [5] 1985 ...,0.74,link_anchor
tr_bc9d20fc4357,feat_chess_engine_communication_protocol,https://www.chessprogramming.org/Arasan,Arasan,"Despite its own GUI, Arasan early supported the Chess Engine Communication Protocol and later UCI as well, to run under Windows , Linux and Mac OS [2] .",0.74,link_anchor
tr_3227cdb65609,feat_chess_engine_communication_protocol,https://www.chessprogramming.org/BBChess_(SI),BBChess (SI),BBChess is Chess Engine Communication Protocol compatible and can be compiled for Linux and Windows .,0.78,link_anchor
tr_2b6c4efa08da,feat_xboard,https://www.chessprogramming.org/KnightCap,KnightCap,"Home * Engines * KnightCap KnightCap's 3D Board [1] KnightCap , a XBoard compliant open source chess engine under the GNU General Public License by Andrew Tridgell [2] , Jonathan Baxter and Lex Weaver .",0.74,link_anchor
tr_bd48253438e8,feat_texels_tuning_method,https://www.chessprogramming.org/Arasan,Arasan,Traditional [ edit ] Material Piece-Square Tables Development Mobility Trapped Pieces Rooks on (Semi) Open Files Outposts Pawn Structure Pawn Hash Table Backward Pawn Doubled Pawn Isolated Pawn Passed Pawn Connected Pass,0.66,link_anchor
tr_d7f2a86760bc,feat_texels_tuning_method,https://www.chessprogramming.org/Gaviota,Gaviota,"pdf ↑ The texel evaluation function optimization algorithm by Peter Österlund , CCC , January 31, 2014 » Texel's Tuning Method ↑ TCEC computer chess LIVE!",0.74,link_anchor
tr_d09c535576ae,feat_eval_tuning_in_deep_thought,https://www.chessprogramming.org/Andreas_Nowatzyk,Andreas Nowatzyk,Contents 1 Photos 2 Eval tuning in Deep Thought 3 Selected Publications 3.1 1989 3.2 1990 ...,0.98,heading_match
tr_d09c535576ae,feat_eval_tuning_in_deep_thought,https://www.chessprogramming.org/Andreas_Nowatzyk,Andreas Nowatzyk,Contents 1 Photos 2 Eval tuning in Deep Thought 3 Selected Publications 3.1 1989 3.2 1990 ...,0.74,link_anchor
tr_44a22ffb6c5d,feat_gaviota,https://www.chessprogramming.org/Dave_Gomboc,Dave Gomboc,"by Dave Gomboc , CCC , April 02, 2009 » Automated Tuning in Gaviota External Links [ edit ] Minimalist Home Page of Dave Gomboc ‪Dave Gomboc‬ - ‪Google Scholar‬ References [ edit ] ↑ Minimalist Home Page of Dave Gomboc ↑",0.74,link_anchor
tr_d87e1951015e,feat_gaviota,https://www.chessprogramming.org/Gaviota,Gaviota,"Home * Engines * Gaviota Gaviota austral [1] [2] Gaviota , a Chess Engine Communication Protocol and UCI compatible chess engine written by FM Miguel A.",0.9,bold_term
tr_2f2b020ccc10,feat_stockfishs_tuning_method,https://www.chessprogramming.org/Joona_Kiiski,Joona Kiiski,"See also [ edit ] Stockfish's Tuning Method [6] Forum Posts [ edit ] Smaug: a new chess engine based on glaurung by Joona Kiiski , CCC , March 12, 2009 Stockfish's tuning method by Joona Kiiski , CCC , October 07, 2011 »",0.74,link_anchor
tr_cdefda11d357,feat_stockfishs_tuning_method,https://www.chessprogramming.org/RuyTune,RuyTune,Sigmoid(s) = tanh(0.0043s) See also [ edit ] Arasan's Tuning Eval Tuning in Deep Thought RuyDos Stockfish's Tuning Method Texel's Tuning Method Forum Posts [ edit ] A database for learning evaluation functions by Álvaro,0.74,link_anchor
tr_8f8ba822b140,feat_optimization,https://www.chessprogramming.org/Automated_Tuning,Automated Tuning,"Evaluation tuning can be applied by mathematical optimization or machine learning , both fields with huge overlaps.",0.98,heading_match
tr_1274358702aa,feat_optimization,https://www.chessprogramming.org/Minimax_Tree_Optimization,Minimax Tree Optimization,"Home * Automated Tuning * Minimax Tree Optimization Bonanza full cast, 1962 [1] Minimax Tree Optimization (MMTO), a supervised tuning method based on move adaptation , devised and introduced by Kunihito Hoki and Tomoyuki",0.98,heading_match
tr_fac1068a8e38,feat_sprt,https://www.chessprogramming.org/Match_Statistics,Match Statistics,Contents 1 Ratios / Operating Figures 1.1 Number of games 1.2 Score 1.3 Win & Draw Ratio 1.4 Elo-Rating & Win-Probability 1.5 Likelihood of Superiority 1.6 Statistical Analysis 1.7 SPRT 2 Tournaments 3 See also 4 Publica,0.98,heading_match
tr_4c67842f50f4,feat_sprt,https://www.chessprogramming.org/Match_Statistics,Match Statistics,SPRT is applied in Stockfish testing to terminate self-testing series early if the result is likely outside a given elo-window [21],0.9,definition_pattern
tr_ee4b01601639,feat_parameter,https://www.chessprogramming.org/Automated_Tuning,Automated Tuning,"Home * Automated Tuning Engine Tuner [1] Automated Tuning , an automated adjustment of evaluation parameters or weights, and less commonly, search parameters [2] , with the aim to improve the playing strength of a chess",0.98,heading_match
tr_35073a6f1a83,feat_find_parameter_values_such_that_e,https://www.chessprogramming.org/Texel's_Tuning_Method,Texel's Tuning Method,Find parameter values such that E is a local minimum in parameter space,0.9,definition_pattern
tr_496f1a14314e,feat_late_move_reductions,https://www.chessprogramming.org/Amoeba,Amoeba,4 External Links 4.1 Chess Engine 4.2 Misc 5 References Features [ edit ] [6] Board Representation [ edit ] Bitboards Hyperbola Quintessence and Rank Attacks Mailbox Staged Move Generation Search [ edit ] Iterative Deepe,0.66,link_anchor
tr_ff48f623ea72,feat_late_move_reductions,https://www.chessprogramming.org/Arasan,Arasan,"PEXT/PDEP Bitboards [ edit ] Arasan 20.3 , released in November 2017, performs PEXT/PDEP Bitboards if compiled for the BMI2 instruction set [10] to replace Fancy Magic Bitboards in looking up sliding piece attacks [11] S",0.66,link_anchor
tr_b07138565de1,feat_futility_pruning,https://www.chessprogramming.org/Arasan,Arasan,"PEXT/PDEP Bitboards [ edit ] Arasan 20.3 , released in November 2017, performs PEXT/PDEP Bitboards if compiled for the BMI2 instruction set [10] to replace Fancy Magic Bitboards in looking up sliding piece attacks [11] S",0.66,link_anchor
tr_eb4b8ff6d09a,feat_futility_pruning,https://www.chessprogramming.org/DarkThought,DarkThought,"DarkThought is a sophisticated alpha-beta searcher written in ANSI-C that uses PVS/NegaScout with state-of-the-art enhancements like futility pruning , internal iterative deepening , dynamic move ordering ( killer + hist",0.78,link_anchor
tr_43708b245eb5,feat_pruning,https://www.chessprogramming.org/Arasan,Arasan,"PEXT/PDEP Bitboards [ edit ] Arasan 20.3 , released in November 2017, performs PEXT/PDEP Bitboards if compiled for the BMI2 instruction set [10] to replace Fancy Magic Bitboards in looking up sliding piece attacks [11] S",0.66,link_anchor
tr_cd6f04c4a083,feat_pruning,https://www.chessprogramming.org/Depth,Depth,"Despite quiescence search , where usually winning captures and even some checks are tried at or behind the search horizon, until positions become sufficiently quite, selectivity of modern chess programs, caused by extens",0.66,link_anchor
tr_872c66dcb1e5,feat_depth_reduction_r,https://www.chessprogramming.org/Depth,Depth,A depth reduction R of multiple plies is often performed in forward pruning techniques like null move pruning and multi-cut .,0.78,link_anchor
tr_d93a839ae30b,feat_depth_reduction_r,https://www.chessprogramming.org/Falcon,Falcon,"Home * Engines * Falcon Falco minor [1] Falcon , a private chess engine [2] by Eli David and successor of Eli's earlier program Genesis .",0.66,link_anchor
tr_f91ffd0c9b99,feat_delta_pruning,https://www.chessprogramming.org/Ethereal,Ethereal,Features [ edit ] [8] Board Representation [ edit ] Bitboards Fancy Magic Bitboards 8x8 Board Search [ edit ] Lazy SMP since 8.60 SMP [9] Iterative Deepening Aspiration Windows PVS Alpha-Beta Transposition Table Selectiv,0.66,link_anchor
tr_08e650df68b5,feat_delta_pruning,https://www.chessprogramming.org/Napoleon,Napoleon,Contents 1 Features 1.1 Move Generation 1.2 Search 1.2.1 Transposition Table 1.2.2 Move Ordering 1.2.3 Selectivity 1.3 Evaluation 1.4 Misc 2 Forum Posts 3 External Links 3.1 Chess Engine 3.2 Misc 3.2.1 Chess 3.2.2 Games,0.66,link_anchor
tr_12bb8496c427,feat_multi_cut,https://www.chessprogramming.org/Depth,Depth,A depth reduction R of multiple plies is often performed in forward pruning techniques like null move pruning and multi-cut .,0.78,link_anchor
tr_a5261e752ddf,feat_multi_cut,https://www.chessprogramming.org/Ethereal,Ethereal,Features [ edit ] [8] Board Representation [ edit ] Bitboards Fancy Magic Bitboards 8x8 Board Search [ edit ] Lazy SMP since 8.60 SMP [9] Iterative Deepening Aspiration Windows PVS Alpha-Beta Transposition Table Selectiv,0.66,link_anchor
tr_a08a2f909876,feat_history_leaf_pruning,https://www.chessprogramming.org/Deuterium,Deuterium,"Home * Engines * Deuterium Deuterium discharge tube [1] Deuterium , an UCI compatible chess engine by Ferdinand Mosca , initially based on TSCP or Tom's Simple Chess Program by Tom Kerrigan .",0.66,link_anchor
tr_5d5d53904d20,feat_history_leaf_pruning,https://www.chessprogramming.org/Gaviota,Gaviota,"Home * Engines * Gaviota Gaviota austral [1] [2] Gaviota , a Chess Engine Communication Protocol and UCI compatible chess engine written by FM Miguel A.",0.66,link_anchor
tr_ec4c5aa43a05,feat_reverse_futility_pruning,https://www.chessprogramming.org/Amoeba,Amoeba,4 External Links 4.1 Chess Engine 4.2 Misc 5 References Features [ edit ] [6] Board Representation [ edit ] Bitboards Hyperbola Quintessence and Rank Attacks Mailbox Staged Move Generation Search [ edit ] Iterative Deepe,0.66,link_anchor
tr_3211446731ff,feat_reverse_futility_pruning,https://www.chessprogramming.org/Arasan,Arasan,"Home * Engines * Arasan Arasan , an open source engine written by Jon Dart in C++ .",0.66,link_anchor
tr_1c3ddf84a319,feat_razoring,https://www.chessprogramming.org/Amir_Ban,Amir Ban,"by Amir Ban , CCC , November 01, 1998 » Horizon Effect Re: Razoring?",0.74,link_anchor
tr_8be23c5318f0,feat_razoring,https://www.chessprogramming.org/Amoeba,Amoeba,4 External Links 4.1 Chess Engine 4.2 Misc 5 References Features [ edit ] [6] Board Representation [ edit ] Bitboards Hyperbola Quintessence and Rank Attacks Mailbox Staged Move Generation Search [ edit ] Iterative Deepe,0.66,link_anchor
tr_96e8200f7628,feat_clop,https://www.chessprogramming.org/Algorithms,Algorithms,8 External Links 8.1 Algorithms 8.1.1 Algebra and Calculus 8.1.2 Graphics 8.1.3 Linear Programming 8.1.4 Sorting and Searching 8.2 Complexity 8.3 Misc 9 References General Concepts [ edit ] General Setwise Operations Ite,0.66,link_anchor
tr_23261f3cf3a5,feat_clop,https://www.chessprogramming.org/Automated_Tuning,Automated Tuning,Methods [ edit ] CLOP Genetic Algorithms PBIL Simulated Annealing SPSA Instances [ edit ] ACPP Amoeba Differential Evolution in BBChess Deuterium Genetic Algorithm in Falcon Stockfish's Tuning Method Advantages [ edit ],0.74,link_anchor
tr_731bf26213fe,feat_monte_carlo_tree_search,https://www.chessprogramming.org/Algorithms,Algorithms,8 External Links 8.1 Algorithms 8.1.1 Algebra and Calculus 8.1.2 Graphics 8.1.3 Linear Programming 8.1.4 Sorting and Searching 8.2 Complexity 8.3 Misc 9 References General Concepts [ edit ] General Setwise Operations Ite,0.66,link_anchor
tr_af3a50daa879,feat_monte_carlo_tree_search,https://www.chessprogramming.org/Cameron_Browne,Cameron Browne,"His research interest includes Monte-Carlo Tree Search (MCTS) for procedural content generation in creative domains, to investigate ways in which MCTS - typically used for move planning in games - can instead be harnesse",0.74,link_anchor
tr_7d64f2c42939,feat_uct,https://www.chessprogramming.org/Algorithms,Algorithms,"Home * Programming * Algorithms Muḥammad ibn Mūsā al-Khwārizmī [1] Algorithms , in mathematics and computer science, methods for solving a problem expressed as a finite sequence of instructions.",0.74,link_anchor
tr_0208050aeda6,feat_uct,https://www.chessprogramming.org/Csaba_Szepesvári,Csaba Szepesvári,Contents 1 UCT 2 Selected Publications 2.1 1994 ...,0.98,heading_match
tr_bbb8a410a19e,feat_iterative_search,https://www.chessprogramming.org/Algorithms,Algorithms,8 External Links 8.1 Algorithms 8.1.1 Algebra and Calculus 8.1.2 Graphics 8.1.3 Linear Programming 8.1.4 Sorting and Searching 8.2 Complexity 8.3 Misc 9 References General Concepts [ edit ] General Setwise Operations Ite,0.66,link_anchor
tr_77bdc7fc2e6d,feat_iterative_search,https://www.chessprogramming.org/Alpha-Beta,Alpha-Beta,"The minimal number of leaves is shown in following table which also demonstrates the odd-even effect : number of leaves with depth n and b = 40 depth n b n b ⌈n/2⌉ + b ⌊n/2⌋ - 1 0 1 1 1 40 40 2 1,600 79 3 64,000 1,639 4",0.7,link_anchor
tr_95d718f99dfd,feat_spsa,https://www.chessprogramming.org/Algorithms,Algorithms,8 External Links 8.1 Algorithms 8.1.1 Algebra and Calculus 8.1.2 Graphics 8.1.3 Linear Programming 8.1.4 Sorting and Searching 8.2 Complexity 8.3 Misc 9 References General Concepts [ edit ] General Setwise Operations Ite,0.66,link_anchor
tr_4f677bcf7144,feat_spsa,https://www.chessprogramming.org/CLOP,CLOP,4 External Links 5 References See also [ edit ] Match Statistics Cutechess-cli SPSA Publications [ edit ] Rémi Coulom ( 2011 ).,0.74,link_anchor
tr_c1b26c7c3d6a,feat_legal_move,https://www.chessprogramming.org/Checks_and_Pinned_Pieces_(Bitboards),Checks and Pinned Pieces (Bitboards),Absolute Pins [ edit ] To detect absolute pins is necessary for legal move generation and may be considered in evaluation .,0.78,link_anchor
tr_6df5539996f6,feat_legal_move,https://www.chessprogramming.org/DirGolem,DirGolem,"Home * Board Representation * Move Generation * DirGolem The Golem [1] DirGolem , Direction-wise Generation of Legal Moves , is best done with vectors of bitboards applying AltiVec , SSE2 , AVX2 or similar SIMD architect",0.78,link_anchor
tr_fb706484dd19,feat_kindergarten_bitboards,https://www.chessprogramming.org/Bitboard_Serialization,Bitboard Serialization,"which yields in following X86-64 assembly , almost identical for the iterator loop and std::copy [6] : ; testLoop(int*, bit_set<long, 1ul>): test rsi, rsi jne .L13 .L7: ret .L13: bsf rax, rsi mov DWORD PTR [rdi], eax lea",0.66,link_anchor
tr_af3a2af0553a,feat_kindergarten_bitboards,https://www.chessprogramming.org/First_Rank_Attacks,First Rank Attacks,"Home * Board Representation * Bitboards * Sliding Piece Attacks * First Rank Attacks The technique of occupancy lookups is base for Rotated bitboards , Kindergarten bitboards and Magic bitboards .",0.78,link_anchor
tr_b065c359f34d,feat_negascout,https://www.chessprogramming.org/Algorithms,Algorithms,8 External Links 8.1 Algorithms 8.1.1 Algebra and Calculus 8.1.2 Graphics 8.1.3 Linear Programming 8.1.4 Sorting and Searching 8.2 Complexity 8.3 Misc 9 References General Concepts [ edit ] General Setwise Operations Ite,0.66,link_anchor
tr_12478784c246,feat_negascout,https://www.chessprogramming.org/Dave_Gomboc,Dave Gomboc,"by Dave Gomboc , CCC , March 07, 1999 » Extensions Re: negascout vs pvs by Dave Gomboc , CCC , June 04, 1999 » NegaScout Re: iterative deepening and branching factor by Dave Gomboc , CCC , March 24, 2009 » Iterative Deep",0.74,link_anchor
tr_b9def44c5b16,feat_checks_and_pinned_pieces_bitboards,https://www.chessprogramming.org/Bitboards,Bitboards,"Home * Board Representation * Bitboards Samuel Bak - Boards Meeting [1] Bitboards , also called bitsets or bitmaps, or better Square Sets , are among other things used to represent the board inside a chess program in a p",0.66,link_anchor
tr_c0d1f9c0c308,feat_checks_and_pinned_pieces_bitboards,https://www.chessprogramming.org/Checks_and_Pinned_Pieces_(Bitboards),Checks and Pinned Pieces (Bitboards),Home * Board Representation * Bitboards * Checks and Pinned Pieces This is about whether the king is in check .,0.7,link_anchor
tr_92b95c93ea52,feat_quad_bitboards,https://www.chessprogramming.org/Bitboard_Board-Definition,Bitboard Board-Definition,}; See also [ edit ] Color Flipping Quad-Bitboards Forum Posts [ edit ] Bit Board Bonkers??,0.74,link_anchor
tr_d1e2601a20c0,feat_quad_bitboards,https://www.chessprogramming.org/Board_Representation,Board Representation,Move Generation Perft Make and Unmake [ edit ] Incremental Updates Copy-Make Make Move Unmake Move Bitboard Update By Move See Also [ edit ] Array of Nibbles Attack and Defend Maps Chess Position Extended Position Descri,0.66,link_anchor
tr_759623a1467c,feat_pawn_attacks_bitboards,https://www.chessprogramming.org/Attack_and_Defend_Maps,Attack and Defend Maps,"Home * Programming * Data * Attack and Defend Maps Samuel Bak - Sheltering Myths, 1998 [1] Attack and Defend Maps , also called Attack Tables , refer to data-structures, most often arrays , containing attack or defend in",0.66,link_anchor
tr_7061933bad0e,feat_pawn_attacks_bitboards,https://www.chessprogramming.org/DirGolem,DirGolem,"Home * Board Representation * Move Generation * DirGolem The Golem [1] DirGolem , Direction-wise Generation of Legal Moves , is best done with vectors of bitboards applying AltiVec , SSE2 , AVX2 or similar SIMD architect",0.7,link_anchor
tr_091ba3cb59de,feat_x_ray_attacks_bitboards,https://www.chessprogramming.org/Checks_and_Pinned_Pieces_(Bitboards),Checks and Pinned Pieces (Bitboards),Home * Board Representation * Bitboards * Checks and Pinned Pieces This is about whether the king is in check .,0.7,link_anchor
tr_e3d149216df2,feat_x_ray_attacks_bitboards,https://www.chessprogramming.org/Rotated_Bitboards,Rotated Bitboards,"[ edit ] Generating ""through"" attacks with rotated bitboard by Vlad Stamate , CCC , August 28, 2009 » X-ray Attacks (Bitboards) 2010 ...",0.74,link_anchor
tr_175b967727f0,feat_evaluation_patterns,https://www.chessprogramming.org/Evaluation,Evaluation,"General Aspects [ edit ] Evaluation Philosophy Pawn Advantage, Win Percentage, and Elo Value Range Basic Evaluation Features [ edit ] Material Piece-Square Tables Pawn Structure Evaluation of Pieces Evaluation Patterns M",0.74,link_anchor
tr_872750c2662d,feat_evaluation_patterns,https://www.chessprogramming.org/Koivisto,Koivisto,Contents 1 Features 1.1 Board Representation 1.2 Search 1.3 Evaluation 1.4 Misc 2 Forum Posts 2.1 2020 2.2 2021 2.3 2022 3 External Links 3.1 Chess Engine 3.2 Misc 4 References Features [ edit ] Board Representation [ ed,0.66,link_anchor
tr_13feb005dd7a,feat_mtd_f,https://www.chessprogramming.org/Algorithms,Algorithms,8 External Links 8.1 Algorithms 8.1.1 Algebra and Calculus 8.1.2 Graphics 8.1.3 Linear Programming 8.1.4 Sorting and Searching 8.2 Complexity 8.3 Misc 9 References General Concepts [ edit ] General Setwise Operations Ite,0.66,link_anchor
tr_a93bcc15a848,feat_mtd_f,https://www.chessprogramming.org/CilkChess,CilkChess,"The program uses a parallel variant of the MTD(f) search algorithm that incorporates null-move forward pruning , but few extensions .",0.78,link_anchor
tr_5d780c6d8c9d,feat_proof_number_search,https://www.chessprogramming.org/Algorithms,Algorithms,8 External Links 8.1 Algorithms 8.1.1 Algebra and Calculus 8.1.2 Graphics 8.1.3 Linear Programming 8.1.4 Sorting and Searching 8.2 Complexity 8.3 Misc 9 References General Concepts [ edit ] General Setwise Operations Ite,0.66,link_anchor
tr_9d2e101c9e22,feat_proof_number_search,https://www.chessprogramming.org/Mark_Winands,Mark Winands,"Mark researched on Proof-Number Search , and introduced Enhanced Forward Pruning [6] , which applies Forward Pruning Techniques, like Null Move Pruning and Multi-Cut , not only at expected Cut-Nodes , but also at expecte",0.74,link_anchor
tr_85820ed4fe7e,feat_alpha_beta_goes_best_first,https://www.chessprogramming.org/Alpha-Beta,Alpha-Beta,Contents 1 How it works 2 Savings 3 History 4 Quotes 4.1 McCarthy 4.2 Ershov and Shura-Bura 4.3 Knuth 5 Implementation 5.1 Fail soft 5.1.1 Max versus Min 5.1.2 Negamax Framework 5.2 Fail hard 5.2.1 Max versus Min 5.2.2 N,0.9,heading_match
tr_9cb6e7f42824,feat_alpha_beta_goes_best_first,https://www.chessprogramming.org/Search,Search,Contents 1 Shannon's Types 2 The Search Tree 3 Search Algorithms 3.1 Depth-First Search 3.2 Alpha-Beta Enhancements 3.2.1 Obligatory 3.2.2 Selectivity 3.2.3 Scout and Friends 3.2.4 Alpha-Beta goes Best-First 3.3 Best-Fir,0.98,heading_match
tr_3aa7cb27b2c0,feat_scout_and_friends,https://www.chessprogramming.org/Alpha-Beta,Alpha-Beta,Contents 1 How it works 2 Savings 3 History 4 Quotes 4.1 McCarthy 4.2 Ershov and Shura-Bura 4.3 Knuth 5 Implementation 5.1 Fail soft 5.1.1 Max versus Min 5.1.2 Negamax Framework 5.2 Fail hard 5.2.1 Max versus Min 5.2.2 N,0.9,heading_match
tr_2b8054f1de4e,feat_scout_and_friends,https://www.chessprogramming.org/Search,Search,Contents 1 Shannon's Types 2 The Search Tree 3 Search Algorithms 3.1 Depth-First Search 3.2 Alpha-Beta Enhancements 3.2.1 Obligatory 3.2.2 Selectivity 3.2.3 Scout and Friends 3.2.4 Alpha-Beta goes Best-First 3.3 Best-Fir,0.98,heading_match
tr_4961bd3d821b,feat_search_algorithms,https://www.chessprogramming.org/Brute-Force,Brute-Force,Contents 1 Search Algorithms 2 Backtracking 3 See also 4 Publications 4.1 1949 4.2 1970 ...,0.98,heading_match
tr_0b70258b343b,feat_search_algorithms,https://www.chessprogramming.org/Search,Search,"Formally, searching a two-player zero-sum board game with perfect information implies traversing and min-maxing a tree-like data-structure by various search algorithms .",0.98,heading_match
tr_bcdf08dcfb96,feat_alpha_beta_conspiracy_search,https://www.chessprogramming.org/Alpha-Beta,Alpha-Beta,Obligatory [ edit ] Transposition Table Iterative Deepening Aspiration Windows Selectivity [ edit ] Quiescence Search Selectivity Scout and Friends [ edit ] Scout NegaScout Principal Variation Search Alpha-Beta goes Best,0.66,link_anchor
tr_6666ae3786d0,feat_alpha_beta_conspiracy_search,https://www.chessprogramming.org/Depth,Depth,depth A vs B 7 8 9 10 11 6 180 321 401 7 0 147 281 389 8 0 151 255 386 9 0 129 255 10 0 127 See also [ edit ] Alpha-Beta Conspiracy Search Fractional Extensions Iterative Deepening Knowledge | Search versus Evaluation Ma,0.74,link_anchor
tr_e2628ac937d8,feat_asymmetric_evaluation,https://www.chessprogramming.org/Evaluation,Evaluation,"General Aspects [ edit ] Evaluation Philosophy Pawn Advantage, Win Percentage, and Elo Value Range Basic Evaluation Features [ edit ] Material Piece-Square Tables Pawn Structure Evaluation of Pieces Evaluation Patterns M",0.66,link_anchor
tr_b6ed579502e6,feat_asymmetric_evaluation,https://www.chessprogramming.org/KnightCap,KnightCap,Evaluation [ edit ] Conventional [ edit ] KnightCap uses a quite slow evaluation function that evaluates a number of computationally expensive features such as board control to reasonably accurately consider the presence,0.7,link_anchor
tr_06f8d65501dd,feat_backward_pawns_bitboards,https://www.chessprogramming.org/Koivisto,Koivisto,"Home * Engines * Koivisto Hjalmar Munsterhjelm - Koivikko ja ruispelto [1] Koivisto , an UCI compliant open source chess engine by Kim Kåhre and Finn Eggers , at times supported by Eugenio Bruno , written in C++ , and fi",0.66,link_anchor
tr_43997d7b2408,feat_backward_pawns_bitboards,https://www.chessprogramming.org/Murka,Murka,"Home * Engines * Murka Murka’s silhouette [1] Murka , (Мурка) a Chess Engine Communication Protocol and UCI compliant by Igor Korshunov , written in C++ .",0.66,link_anchor
tr_81db32132f53,feat_draw_evaluation,https://www.chessprogramming.org/Alpha-Beta,Alpha-Beta,"by Srdja Matovic , CCC , August 13, 2020 » GPU , NN [15] Mathematical proof that AB with B-cutoff does not miss a variation by Yves De Billoëz , CCC , April 30, 2021 Alpha-beta search for drawing endgames by Emanuel Torr",0.66,link_anchor
tr_5c9f02b8b0e9,feat_draw_evaluation,https://www.chessprogramming.org/Koivisto,Koivisto,Contents 1 Features 1.1 Board Representation 1.2 Search 1.3 Evaluation 1.4 Misc 2 Forum Posts 2.1 2020 2.2 2021 2.3 2022 3 External Links 3.1 Chess Engine 3.2 Misc 4 References Features [ edit ] Board Representation [ ed,0.66,link_anchor
tr_0fbc9607ecf4,feat_mate_distance_pruning,https://www.chessprogramming.org/Amoeba,Amoeba,4 External Links 4.1 Chess Engine 4.2 Misc 5 References Features [ edit ] [6] Board Representation [ edit ] Bitboards Hyperbola Quintessence and Rank Attacks Mailbox Staged Move Generation Search [ edit ] Iterative Deepe,0.66,link_anchor
tr_0ac706efd43f,feat_mate_distance_pruning,https://www.chessprogramming.org/Koivisto,Koivisto,Contents 1 Features 1.1 Board Representation 1.2 Search 1.3 Evaluation 1.4 Misc 2 Forum Posts 2.1 2020 2.2 2021 2.3 2022 3 External Links 3.1 Chess Engine 3.2 Misc 4 References Features [ edit ] Board Representation [ ed,0.66,link_anchor
tr_6ae71f4a0cdd,feat_open_pawns_bitboards,https://www.chessprogramming.org/Koivisto,Koivisto,"Home * Engines * Koivisto Hjalmar Munsterhjelm - Koivikko ja ruispelto [1] Koivisto , an UCI compliant open source chess engine by Kim Kåhre and Finn Eggers , at times supported by Eugenio Bruno , written in C++ , and fi",0.66,link_anchor
tr_7468405b7f3e,feat_open_pawns_bitboards,https://www.chessprogramming.org/Murka,Murka,"Home * Engines * Murka Murka’s silhouette [1] Murka , (Мурка) a Chess Engine Communication Protocol and UCI compliant by Igor Korshunov , written in C++ .",0.66,link_anchor
tr_ddf21e624f3d,feat_pawn_pushes_bitboards,https://www.chessprogramming.org/DirGolem,DirGolem,"Home * Board Representation * Move Generation * DirGolem The Golem [1] DirGolem , Direction-wise Generation of Legal Moves , is best done with vectors of bitboards applying AltiVec , SSE2 , AVX2 or similar SIMD architect",0.7,link_anchor
tr_27df4c1f373f,feat_pawn_pushes_bitboards,https://www.chessprogramming.org/Pawn_Pattern_and_Properties,Pawn Pattern and Properties,"Home * Board Representation * Bitboards * Pawn Pattern and Properties Samuel Bak - Hero [1] There are two approaches to determine pawn attack-sets, pawn move target squares or pawn-structure properties - using a single p",0.66,link_anchor
tr_1d71a18ead07,feat_pseudo_legal_move,https://www.chessprogramming.org/ACPP,ACPP,Contents 1 Features 2 Weights 3 Fitness 4 Results 5 Conclusion 6 See also 7 Publications 8 External Links 9 References Features [ edit ] Material Mobility (Number of Pseudo-Legal Moves ) Center Control Development Queen,0.74,link_anchor
tr_295b6896554b,feat_pseudo_legal_move,https://www.chessprogramming.org/En_passant,En passant,"Home * Chess * Moves * En passant En passant (from French: ""in passing"") [1] is a special pawn capture move , which is only possible immediately after an opposing pawn tried passing an advanced pawn on the fifth rank (or",0.7,link_anchor
tr_a9368129c1a2,feat_search_pathology,https://www.chessprogramming.org/Dana_S._Nau,Dana S. Nau,Error Minimizing Minimax: Avoiding Search Pathology in Game Trees .,0.74,link_anchor
tr_ceddd22661bb,feat_search_pathology,https://www.chessprogramming.org/Matjaž_Gams,Matjaž Gams,"Home * People * Matjaž Gams Matjaž Gams [1] Matjaž Gams , a Slovenian computer scientist and researcher in artificial intelligence at Department of Intelligent systems [2] , Jožef Stefan Institute , Ljubljana , member of",0.66,link_anchor
tr_2882457aa186,feat_search_statistics,https://www.chessprogramming.org/Gaviota,Gaviota,"Ballicora , CCC , December 05, 2000 » Transposition Table , Search Statistics New Winboard Engine by Miguel A.",0.74,link_anchor
tr_2dcbba863ad4,feat_search_statistics,https://www.chessprogramming.org/Make_Move,Make Move,"See also [ edit ] Bitboard Update By Move Copy-Make Encoding Moves Incremental Updates Piece-List Update by Make Move Unmake Move Forum Posts [ edit ] Working with moves or with positions by Guillem Barnolas, rgcc , Febr",0.66,link_anchor
tr_8a55d93fc672,feat_simplified_evaluation_function,https://www.chessprogramming.org/Gerard_Zieliński,Gerard Zieliński,"Later, during the mid 70s, he worked and published on computer chess concerning arrays and a simplified evaluation function .",0.74,link_anchor
tr_6cd970c0d225,feat_simplified_evaluation_function,https://www.chessprogramming.org/Piece-Square_Tables,Piece-Square Tables,Simplified Evaluation Function PeSTO's Evaluation Function See also [ edit ] Center Distance Center Manhattan-Distance Evaluation in Rookie 2.0 Evaluation of Pieces Game Phases Material Mop-up Evaluation Oracle Space Tap,0.74,link_anchor
tr_f5b7c974e85e,feat_best_magics_so_far,https://www.chessprogramming.org/Best_Magics_so_far,Best Magics so far,Home * Board Representation * Bitboards * Sliding Piece Attacks * Magic Bitboards * Best Magics so far This page is intended to publish and share results on magic factors and shifts (64 - Bits used ) for most dense magic,1.0,heading_match
tr_4e09a0ec5326,feat_best_magics_so_far,https://www.chessprogramming.org/Looking_for_Magics,Looking for Magics,"In September 2017, Niklas Fiekas introduced a technique based on the least common multiple of the periods for all relevant occupancies to reduce the range for magic candidates, specially to find magics with one bit less",0.66,link_anchor
tr_a1169a7cdb2c,feat_un_move_generation,https://www.chessprogramming.org/Move_Generation,Move Generation,Contents 1 Legality 1.1 Pseudo-legal 1.2 Legal 2 Special Generators 3 Chunk Move Generation 4 Staged Move Generation 5 Debugging 6 Un-Move Generation 7 See also 7.1 General 7.2 Board Array 7.3 Bitboards 7.4 Hardware 7.5,0.98,heading_match
tr_a1169a7cdb2c,feat_un_move_generation,https://www.chessprogramming.org/Move_Generation,Move Generation,Contents 1 Legality 1.1 Pseudo-legal 1.2 Legal 2 Special Generators 3 Chunk Move Generation 4 Staged Move Generation 5 Debugging 6 Un-Move Generation 7 See also 7.1 General 7.2 Board Array 7.3 Bitboards 7.4 Hardware 7.5,0.9,bold_term
tr_de0347f4dc30,feat_a_comment_on_conspiracy_number_search,https://www.chessprogramming.org/Jaap_van_den_Herik,Jaap van den Herik,A Comment on `Conspiracy-Number Search .,0.9,bold_term
tr_a2df997f8ac9,feat_a_comment_on_conspiracy_number_search,https://www.chessprogramming.org/Victor_Allis,Victor Allis,A Comment on `Conspiracy-Number Search .,0.9,bold_term
tr_8a01a504dfed,feat_abdada,https://www.chessprogramming.org/Algorithms,Algorithms,8 External Links 8.1 Algorithms 8.1.1 Algebra and Calculus 8.1.2 Graphics 8.1.3 Linear Programming 8.1.4 Sorting and Searching 8.2 Complexity 8.3 Misc 9 References General Concepts [ edit ] General Setwise Operations Ite,0.66,link_anchor
tr_6aa0e9a74e48,feat_abdada,https://www.chessprogramming.org/EXchess,EXchess,Lazy SMP [ edit ] Daniel Homan in July 2013 on his Lazy SMP implementation and work sharing [4] : I changed the work-sharing approach to Lazy SMP in EXchess to be closer to the ABDADA model after Daniel Shawul's posts ab,0.74,link_anchor
tr_d6ba491a8e0c,feat_ael_pruning,https://www.chessprogramming.org/Ernst_A._Heinz,Ernst A. Heinz,3 External Links 4 References Scalable Search Topics [ edit ] AEL-Pruning Adaptive Null Move Pruning Extended Futility Pruning Limited Razoring Perfect Knowledge Interior Node Recognizer Endgame Tablebases Edwards' Table,0.74,link_anchor
tr_cf96a91bbdb9,feat_ael_pruning,https://www.chessprogramming.org/Napoleon,Napoleon,Contents 1 Features 1.1 Move Generation 1.2 Search 1.2.1 Transposition Table 1.2.2 Move Ordering 1.2.3 Selectivity 1.3 Evaluation 1.4 Misc 2 Forum Posts 3 External Links 3.1 Chess Engine 3.2 Misc 3.2.1 Chess 3.2.2 Games,0.66,link_anchor
tr_c0384fe38cb4,feat_candidates_bitboards,https://www.chessprogramming.org/Murka,Murka,"Home * Engines * Murka Murka’s silhouette [1] Murka , (Мурка) a Chess Engine Communication Protocol and UCI compliant by Igor Korshunov , written in C++ .",0.66,link_anchor
tr_63fdfd44f28d,feat_candidates_bitboards,https://www.chessprogramming.org/Pawn_Pattern_and_Properties,Pawn Pattern and Properties,"Home * Board Representation * Bitboards * Pawn Pattern and Properties Samuel Bak - Hero [1] There are two approaches to determine pawn attack-sets, pawn move target squares or pawn-structure properties - using a single p",0.66,link_anchor
tr_e48d44b45499,feat_congruent_modulo_bitboards,https://www.chessprogramming.org/Sliding_Piece_Attacks,Sliding Piece Attacks,First Rank Attacks Occupancy of any Line Rotated Bitboards Rotated Indices Kindergarten Bitboards Sliding Piece Attacks in OliThink Hashing Dictionaries Congruent Modulo Bitboards Magic Bitboards BMI2 - PEXT Bitboards Sh,0.74,link_anchor
tr_9dc893bab1c0,feat_congruent_modulo_bitboards,https://www.chessprogramming.org/Trevor_Fenner,Trevor Fenner,"While their 2008 paper Move Generation with Perfect Hashing Functions introducing Congruent Modulo Bitboards [3] provides insights in congruent modular arithmetic , their final conclusion in comparison with Hashing Dicti",0.74,link_anchor
tr_bd101d329c35,feat_duo_trio_quart_bitboards,https://www.chessprogramming.org/Pawn_Pattern_and_Properties,Pawn Pattern and Properties,"Home * Board Representation * Bitboards * Pawn Pattern and Properties Samuel Bak - Hero [1] There are two approaches to determine pawn attack-sets, pawn move target squares or pawn-structure properties - using a single p",0.66,link_anchor
tr_3530b938a6b5,feat_duo_trio_quart_bitboards,https://www.chessprogramming.org/Pawn_Structure,Pawn Structure,"[ edit ] Binders by Lyudmil Tsvetkov , CCC , February 04, 2015 En passant bonus by Lyudmil Tsvetkov , CCC , February 10, 2015 » En passant Pawn checks and center levers by Lyudmil Tsvetkov , CCC , February 11, 2015 Kind",0.66,link_anchor
tr_79281756d0a6,feat_evaluation_discontinuity,https://www.chessprogramming.org/Evaluation,Evaluation,"General Aspects [ edit ] Evaluation Philosophy Pawn Advantage, Win Percentage, and Elo Value Range Basic Evaluation Features [ edit ] Material Piece-Square Tables Pawn Structure Evaluation of Pieces Evaluation Patterns M",0.66,link_anchor
tr_7aeaafb5f5af,feat_evaluation_discontinuity,https://www.chessprogramming.org/Tapered_Eval,Tapered Eval,The idea behind Tapered Eval is to remove evaluation discontinuity .,0.78,link_anchor
tr_48a193b4b603,feat_evaluation_overlap,https://www.chessprogramming.org/Chess_(Program),Chess (Program),Chess 4.0 from Evaluation Overlap by Mark Watkins Material in Chess 4.5 at Material Hash Table Mobility in Chess 4.6 at CDC Cyber Achievements [ edit ] Chess 3.x won the first three ACM North American Computer Chess Cham,0.74,link_anchor
tr_3317ed949062,feat_evaluation_overlap,https://www.chessprogramming.org/Evaluation,Evaluation,"General Aspects [ edit ] Evaluation Philosophy Pawn Advantage, Win Percentage, and Elo Value Range Basic Evaluation Features [ edit ] Material Piece-Square Tables Pawn Structure Evaluation of Pieces Evaluation Patterns M",0.66,link_anchor
tr_9b53a1be7d81,feat_evaluation_philosophy,https://www.chessprogramming.org/Evaluation,Evaluation,"General Aspects [ edit ] Evaluation Philosophy Pawn Advantage, Win Percentage, and Elo Value Range Basic Evaluation Features [ edit ] Material Piece-Square Tables Pawn Structure Evaluation of Pieces Evaluation Patterns M",0.74,link_anchor
tr_17add81e88c9,feat_evaluation_philosophy,https://www.chessprogramming.org/Tapered_Eval,Tapered Eval,phase -= br * RookPhase phase -= bq * QueenPhase phase = (phase * 256 + (TotalPhase / 2)) / TotalPhase See also [ edit ] Evaluation Discontinuity Evaluation Philosophy Game Phases Neural Networks PeSTO's Evaluation Funct,0.74,link_anchor
tr_d88da0095c7c,feat_isolated_pawns_bitboards,https://www.chessprogramming.org/Murka,Murka,"Home * Engines * Murka Murka’s silhouette [1] Murka , (Мурка) a Chess Engine Communication Protocol and UCI compliant by Igor Korshunov , written in C++ .",0.66,link_anchor
tr_8ec40653e0f7,feat_isolated_pawns_bitboards,https://www.chessprogramming.org/Pawn_Pattern_and_Properties,Pawn Pattern and Properties,"Home * Board Representation * Bitboards * Pawn Pattern and Properties Samuel Bak - Hero [1] There are two approaches to determine pawn attack-sets, pawn move target squares or pawn-structure properties - using a single p",0.66,link_anchor
tr_143a762af792,feat_lambda_search,https://www.chessprogramming.org/CG_2000,CG 2000,Lambda-Search in Game Trees - with Application to Go .,0.74,link_anchor
tr_72ee754f5707,feat_lambda_search,https://www.chessprogramming.org/Java,Java,3rd edition Java IAQ: Infrequently Answered Questions by Peter Norvig Lambda-search Java-code (version 2.0) by Thomas Thomsen  » Lambda-Search comp.lang.java Chess Libraries [ edit ] GitHub - ljgw/syzygy-bridge: Java bri,0.74,link_anchor
tr_65e044d86c65,feat_microsoft_academic_search,https://www.chessprogramming.org/David_Silver,David Silver,"Silver from Microsoft Academic Search ↑ Joel Veness - Publications ↑ Demystifying Deep Reinforcement Learning by Tambet Matiisen , Nervana , December 21, 2015 ↑ GitHub - IoannisAntonoglou/optimBench: Benchmark testbed fo",0.74,link_anchor
tr_1a04dbef4176,feat_microsoft_academic_search,https://www.chessprogramming.org/Yngvi_Björnsson,Yngvi Björnsson,"252, pdf ↑ Mind Sports Olympiad, England, August 2000 by Aaron Davidson ↑ Chinook Authors ↑ Cadiaplayer - A powerful general game-playing engine ↑ ICGA Reference Database ↑ Yngvi Björnsson's Publictions ↑ Yngvi Björnsson",0.66,link_anchor
tr_2f320a166862,feat_opponent_model_search,https://www.chessprogramming.org/Alan_J._Lockett,Alan J. Lockett,Home * People * Alan J.,0.66,link_anchor
tr_e6e16a8356d3,feat_opponent_model_search,https://www.chessprogramming.org/Dana_S._Nau,Dana S. Nau,"Nau at Judea Pearl Symposium , 2010, YouTube Video » KriegSpiel , Opponent Model Search References [ edit ] ↑ Dana S.",0.74,link_anchor
tr_addf99d18399,feat_passed_pawns_bitboards,https://www.chessprogramming.org/Murka,Murka,"Home * Engines * Murka Murka’s silhouette [1] Murka , (Мурка) a Chess Engine Communication Protocol and UCI compliant by Igor Korshunov , written in C++ .",0.66,link_anchor
tr_91a85ea7de61,feat_passed_pawns_bitboards,https://www.chessprogramming.org/Pawn_Pattern_and_Properties,Pawn Pattern and Properties,"Home * Board Representation * Bitboards * Pawn Pattern and Properties Samuel Bak - Hero [1] There are two approaches to determine pawn attack-sets, pawn move target squares or pawn-structure properties - using a single p",0.66,link_anchor
tr_d84de3870d95,feat_pawn_levers_bitboards,https://www.chessprogramming.org/Pawn_Pattern_and_Properties,Pawn Pattern and Properties,"Home * Board Representation * Bitboards * Pawn Pattern and Properties Samuel Bak - Hero [1] There are two approaches to determine pawn attack-sets, pawn move target squares or pawn-structure properties - using a single p",0.66,link_anchor
tr_ec977b1c3ef0,feat_pawn_levers_bitboards,https://www.chessprogramming.org/Pawn_Structure,Pawn Structure,Standard Terms [ edit ] Single Pawn [ edit ] Backward Pawn Candidate Passed Pawn Doubled Pawn Faker Hidden Passed Pawn Isolated Pawn Passed Pawn Sentry Groups of Pawns [ edit ] Blockage Detection Connected Pawns Hanging,0.66,link_anchor
tr_ad16d2978575,feat_pawn_rams_bitboards,https://www.chessprogramming.org/Pawn_Pattern_and_Properties,Pawn Pattern and Properties,"Home * Board Representation * Bitboards * Pawn Pattern and Properties Samuel Bak - Hero [1] There are two approaches to determine pawn attack-sets, pawn move target squares or pawn-structure properties - using a single p",0.66,link_anchor
tr_bfaa43761531,feat_pawn_rams_bitboards,https://www.chessprogramming.org/Pawn_Structure,Pawn Structure,Standard Terms [ edit ] Single Pawn [ edit ] Backward Pawn Candidate Passed Pawn Doubled Pawn Faker Hidden Passed Pawn Isolated Pawn Passed Pawn Sentry Groups of Pawns [ edit ] Blockage Detection Connected Pawns Hanging,0.66,link_anchor
tr_1a51b5fcab68,feat_pestos_evaluation_function,https://www.chessprogramming.org/Piece-Square_Tables,Piece-Square Tables,Simplified Evaluation Function PeSTO's Evaluation Function See also [ edit ] Center Distance Center Manhattan-Distance Evaluation in Rookie 2.0 Evaluation of Pieces Game Phases Material Mop-up Evaluation Oracle Space Tap,0.74,link_anchor
tr_1614494e1a24,feat_pestos_evaluation_function,https://www.chessprogramming.org/Tapered_Eval,Tapered Eval,phase -= br * RookPhase phase -= bq * QueenPhase phase = (phase * 256 + (TotalPhase / 2)) / TotalPhase See also [ edit ] Evaluation Discontinuity Evaluation Philosophy Game Phases Neural Networks PeSTO's Evaluation Funct,0.66,link_anchor
tr_d2dab653d931,feat_reverse_bitboards,https://www.chessprogramming.org/Flipping_Mirroring_and_Rotating,Flipping Mirroring and Rotating,to implement rotated or reverse bitboards on the fly - but may be used for initialization purposes.,0.78,link_anchor
tr_dd8481bc4e16,feat_reverse_bitboards,https://www.chessprogramming.org/Sliding_Piece_Attacks,Sliding Piece Attacks,Blockers and Beyond Classical Approach Bitfoot - A/B Bitboards CFish - AVX2 Attacks Exploding Bitboards Hyperbola Quintessence Leorik Attacks Obstruction Difference Reverse Bitboards SBAMG Shifted Bitboards Subtracting a,0.74,link_anchor
tr_1a8e7d9ccbe6,feat_scout,https://www.chessprogramming.org/Onno,Onno,The first child of a PV-node is a PV-node The further children are searched by a scout search as CUT-nodes PVS re-search is done as PV-node The first node of bad pruning is a CUT-node The node after a null move is a CUT-,0.78,link_anchor
tr_d718ebd46b4b,feat_scout,https://www.chessprogramming.org/Search_Tree,Search Tree,"Cut-Nodes as children or sibling of PV-Nodes require a Scout-search , to prove the nodes are greater or equal to beta.",0.74,link_anchor
tr_4ac65d799cb0,feat_search_space,https://www.chessprogramming.org/Brute-Force,Brute-Force,"Brute-force algorithms are conceptually simple, but usually suffer from exponential growing search space .",0.74,link_anchor
tr_1dd20204dcf4,feat_search_space,https://www.chessprogramming.org/Search_Tree,Search Tree,(P) / | \ / | \ / | \ / | \ / | \ [P] [C] [C] / | \ | | / | \ | | (P) (C) (C) (A) (A) /|\ | | /|\ /|\ [PCC][A] [A] [CCC] [CCC] See also [ edit ] Conspiracy Numbers Graph History Interaction NegaScout or Principal Variati,0.66,link_anchor
tr_b7d627a53206,feat_selective_search,https://www.chessprogramming.org/Kasparov_versus_Deep_Blue_1997,Kasparov versus Deep Blue 1997,"Selective Search 70, pp.",0.74,link_anchor
tr_20df926b6115,feat_selective_search,https://www.chessprogramming.org/WCCC_1992,WCCC 1992,"Selective Search 43B, pdf hosted by Mike Watters Eric Hallsworth ( 1993 ).",0.74,link_anchor
tr_7a0a883c1a59,feat_table_driven_move_generation,https://www.chessprogramming.org/8x8_Board,8x8 Board,See also [ edit ] 10x12 Board Array of Nibbles Bitboards Square Mapping Considerations Table-driven Move Generation Vector Attacks 0x88 Publications [ edit ] Claude Shannon ( 1949 ).,0.74,link_anchor
tr_980ae5ea0ba6,feat_table_driven_move_generation,https://www.chessprogramming.org/Bitboard_Serialization,Bitboard Serialization,See also [ edit ] Move Generation Belle | Hardware Move Generation Move Ordering Pieces versus Directions Table-driven Move Generation Traversing Subsets of a Set Forum Posts [ edit ] 2000 ...,0.74,link_anchor
tr_a26a4c44f0ee,feat_8q_in_bitboards,https://www.chessprogramming.org/Backtracking,Backtracking,Contents 1 History 2 Applications 2.1 De Bruijn Sequences 2.2 Looking for Magics 2.3 8Q in Bitboards 2.3.1 Code 2.3.2 Node Counts 2.3.3 Data and Print 2.4 N Queens 2.4.1 By Marcel van Kervinck 2.4.2 By Tony Lezard 3 See,0.98,heading_match
tr_cffe44402315,feat_alpha_beta_enhancements,https://www.chessprogramming.org/Search,Search,Contents 1 Shannon's Types 2 The Search Tree 3 Search Algorithms 3.1 Depth-First Search 3.2 Alpha-Beta Enhancements 3.2.1 Obligatory 3.2.2 Selectivity 3.2.3 Scout and Friends 3.2.4 Alpha-Beta goes Best-First 3.3 Best-Fir,0.98,heading_match
tr_9611294a5677,feat_alpha_beta_tree,https://www.chessprogramming.org/Search_Tree,Search Tree,Contents 1 Alpha-Beta Tree 2 Topology 3 Transpositions 4 Cycles 5 Tree walk 6 Minimal Search Trees 6.1 Minimal Alpha-Beta Tree 6.2 Minimal PV Tree 7 See also 8 Publications 9 Forum Posts 10 External Links 11 References A,0.98,heading_match
tr_d3cdcd0c5274,feat_basic_evaluation_features,https://www.chessprogramming.org/Evaluation,Evaluation,Nonlinear 1.3 General Aspects 2 Basic Evaluation Features 3 Considering Game Phase 4 Miscellaneous 5 See also 6 Publications 6.1 1949 6.2 1950 ...,0.98,heading_match
tr_3e6280a87575,feat_best_first_search,https://www.chessprogramming.org/Search,Search,Contents 1 Shannon's Types 2 The Search Tree 3 Search Algorithms 3.1 Depth-First Search 3.2 Alpha-Beta Enhancements 3.2.1 Obligatory 3.2.2 Selectivity 3.2.3 Scout and Friends 3.2.4 Alpha-Beta goes Best-First 3.3 Best-Fir,0.9,heading_match
tr_ff754054680c,feat_bit_twiddling_related_to_bitboards,https://www.chessprogramming.org/Bit-Twiddling,Bit-Twiddling,Contents 1 Bit-Twiddling related to Bitboards 2 Bit-Manipulation 3 Forum Posts 4 Important online resources 5 Other Bit-Twiddling resources 6 External Links Bit-Twiddling related to Bitboards [ edit ] BitScan Flipping Mi,0.98,heading_match
tr_b26768f75e75,feat_bitboard_basics,https://www.chessprogramming.org/Bitboards,Bitboards,Contents 1 The Board of Sets 2 Bitboard Basics 2.1 General Bitboard Techniques 2.2 Pattern and Attacks 2.3 Move Generation Issues 2.4 Miscellaneous 2.5 Defining Bitboards 3 Bitboard-History 4 Analysis 5 Publications 5.1,0.98,heading_match
tr_648cf8db8244,feat_bitboard_infrastructure,https://www.chessprogramming.org/Murka,Murka,Contents 1 Description 1.1 Bitboard Infrastructure 1.2 Move Generation 1.3 Search 1.4 Evaluation Features 2 Etymology 3 See also 4 Forum Posts 5 External Links 5.1 Chess Engine 5.2 Misc 6 References Description [ edit ],0.98,heading_match
tr_9bdc4a85e3f7,feat_bitboard_trials,https://www.chessprogramming.org/Arasan,Arasan,"Jon's change logs, bug fix reports and tournament reports over the time are available from forum archives , as well the recent ones from the Arasan blog [4] அரசன் அரசன் [5] (Arasan) , King in Tamil language [6] Contents",0.9,heading_match
tr_3674f381ec77,feat_bitboard_history,https://www.chessprogramming.org/Bitboards,Bitboards,Contents 1 The Board of Sets 2 Bitboard Basics 2.1 General Bitboard Techniques 2.2 Pattern and Attacks 2.3 Move Generation Issues 2.4 Miscellaneous 2.5 Defining Bitboards 3 Bitboard-History 4 Analysis 5 Publications 5.1,0.98,heading_match
tr_413f59d4cd77,feat_chess_evaluation,https://www.chessprogramming.org/Evaluation,Evaluation,8 External Links 8.1 Mathematical Foundations 8.2 Chess Evaluation 9 References Where to Start [ edit ] The first thing to consider when writing an evaluation function is how to score a move in Minimax or the more common,1.0,heading_match
tr_5353eeaa86a1,feat_chunk_move_generation,https://www.chessprogramming.org/Move_Generation,Move Generation,Contents 1 Legality 1.1 Pseudo-legal 1.2 Legal 2 Special Generators 3 Chunk Move Generation 4 Staged Move Generation 5 Debugging 6 Un-Move Generation 7 See also 7.1 General 7.2 Board Array 7.3 Bitboards 7.4 Hardware 7.5,0.98,heading_match
tr_e8f5fe7eac3e,feat_defining_bitboards,https://www.chessprogramming.org/Bitboards,Bitboards,Contents 1 The Board of Sets 2 Bitboard Basics 2.1 General Bitboard Techniques 2.2 Pattern and Attacks 2.3 Move Generation Issues 2.4 Miscellaneous 2.5 Defining Bitboards 3 Bitboard-History 4 Analysis 5 Publications 5.1,0.98,heading_match
tr_f56c8378c238,feat_dependent_on_pawn_structure,https://www.chessprogramming.org/Pawn_Structure,Pawn Structure,Contents 1 Hashing Pawns 2 Standard Terms 2.1 Single Pawn 2.2 Groups of Pawns 2.3 General 3 Dependent on Pawn Structure 4 See also 5 Publications 6 Forum Posts 6.1 2000 ...,0.98,heading_match
tr_032fe064e362,feat_depth_first_search,https://www.chessprogramming.org/Search,Search,Contents 1 Shannon's Types 2 The Search Tree 3 Search Algorithms 3.1 Depth-First Search 3.2 Alpha-Beta Enhancements 3.2.1 Obligatory 3.2.2 Selectivity 3.2.3 Scout and Friends 3.2.4 Alpha-Beta goes Best-First 3.3 Best-Fir,0.98,heading_match
tr_ac6fd945daa9,feat_empty_bitboards,https://www.chessprogramming.org/Population_Count,Population Count,2.1 Empty Bitboards 2.2 Single Populated Bitboards 3 Loop-Approaches 3.1 Too Slow 3.2 Brian Kernighan's way 4 Lookup 5 SWAR-Popcount 5.1 Counting Duo-Bits 5.2 Counting Nibble-Bits 5.3 Byte-Counts 5.4 Adding the Byte-Coun,0.98,heading_match
tr_396b9050cbe0,feat_evaluation_features,https://www.chessprogramming.org/Murka,Murka,Contents 1 Description 1.1 Bitboard Infrastructure 1.2 Move Generation 1.3 Search 1.4 Evaluation Features 2 Etymology 3 See also 4 Forum Posts 5 External Links 5.1 Chess Engine 5.2 Misc 6 References Description [ edit ],0.98,heading_match
tr_c67628cd979b,feat_factor_of_mobility,https://www.chessprogramming.org/Eliot_Slater,Eliot Slater,"Contents 1 Factor of Mobility 1.1 Alan Turing 1.2 Eliot Slater 2 Poems by Doctors 3 Selected Publications 4 External Links 5 References Factor of Mobility [ edit ] At the Conference on Information theory, September 26-29",0.98,heading_match
tr_dcf2c32e9ca2,feat_general_bitboard_techniques,https://www.chessprogramming.org/Bitboards,Bitboards,Contents 1 The Board of Sets 2 Bitboard Basics 2.1 General Bitboard Techniques 2.2 Pattern and Attacks 2.3 Move Generation Issues 2.4 Miscellaneous 2.5 Defining Bitboards 3 Bitboard-History 4 Analysis 5 Publications 5.1,0.98,heading_match
tr_26429ef462e6,feat_maximum_search_depth,https://www.chessprogramming.org/Depth,Depth,Contents 1 Draft versus Ply-Index 2 Fractional Plies 3 Depth Comparison of different programs 4 Selective Search Depth 5 Maximum Search Depth 6 Diminishing Returns 7 See also 8 Publications 8.1 1978 ...,0.98,heading_match
tr_ebcfca8159e6,feat_minimal_alpha_beta_tree,https://www.chessprogramming.org/Search_Tree,Search Tree,Contents 1 Alpha-Beta Tree 2 Topology 3 Transpositions 4 Cycles 5 Tree walk 6 Minimal Search Trees 6.1 Minimal Alpha-Beta Tree 6.2 Minimal PV Tree 7 See also 8 Publications 9 Forum Posts 10 External Links 11 References A,0.98,heading_match
tr_69776e281fd0,feat_minimal_search_trees,https://www.chessprogramming.org/Search_Tree,Search Tree,Contents 1 Alpha-Beta Tree 2 Topology 3 Transpositions 4 Cycles 5 Tree walk 6 Minimal Search Trees 6.1 Minimal Alpha-Beta Tree 6.2 Minimal PV Tree 7 See also 8 Publications 9 Forum Posts 10 External Links 11 References A,0.98,heading_match
tr_45a2681f56b1,feat_move_generation_issues,https://www.chessprogramming.org/Bitboards,Bitboards,Contents 1 The Board of Sets 2 Bitboard Basics 2.1 General Bitboard Techniques 2.2 Pattern and Attacks 2.3 Move Generation Issues 2.4 Miscellaneous 2.5 Defining Bitboards 3 Bitboard-History 4 Analysis 5 Publications 5.1,0.98,heading_match
tr_48e933140f32,feat_moves_and_captures,https://www.chessprogramming.org/Pawn_Pattern_and_Properties,Pawn Pattern and Properties,Contents 1 Moves and Captures 2 Properties 2.1 Pawns in touch 2.2 Fills and Spans 2.3 Based on Spans 3 See also 4 Publications 5 Forum Posts 6 External Links 7 References Moves and Captures [ edit ] A pawn captures diago,0.98,heading_match
tr_0b3ea7c00897,feat_negamax_framework,https://www.chessprogramming.org/Alpha-Beta,Alpha-Beta,Contents 1 How it works 2 Savings 3 History 4 Quotes 4.1 McCarthy 4.2 Ershov and Shura-Bura 4.3 Knuth 5 Implementation 5.1 Fail soft 5.1.1 Max versus Min 5.1.2 Negamax Framework 5.2 Fail hard 5.2.1 Max versus Min 5.2.2 N,0.98,heading_match
tr_8be3982a2747,feat_pseudo_legal_move_generation,https://www.chessprogramming.org/ACPP,ACPP,Contents 1 Features 2 Weights 3 Fitness 4 Results 5 Conclusion 6 See also 7 Publications 8 External Links 9 References Features [ edit ] Material Mobility (Number of Pseudo-Legal Moves ) Center Control Development Queen,0.92,core_feature_match
tr_f1cc98513928,feat_legal_move_generation,https://www.chessprogramming.org/Checks_and_Pinned_Pieces_(Bitboards),Checks and Pinned Pieces (Bitboards),Absolute Pins [ edit ] To detect absolute pins is necessary for legal move generation and may be considered in evaluation .,1.0,core_feature_match
tr_855e069b82c3,feat_monte_carlo_tree_search_2,https://www.chessprogramming.org/Advances_in_Computer_Games_13,Advances in Computer Games 13,An MCTS Program to Play EinStein Würfelt Nicht!,0.92,core_feature_match
tr_ed240f363c77,feat_neural_network_evaluation,https://www.chessprogramming.org/Advances_in_Computer_Games_10,Advances in Computer Games 10,Evaluation in Go by a Neural Network using Soft Segmentation .,0.92,core_feature_match
tr_fdd3efbbd7f9,feat_ybwc,https://www.chessprogramming.org/Algorithms,Algorithms,8 External Links 8.1 Algorithms 8.1.1 Algebra and Calculus 8.1.2 Graphics 8.1.3 Linear Programming 8.1.4 Sorting and Searching 8.2 Complexity 8.3 Misc 9 References General Concepts [ edit ] General Setwise Operations Ite,0.92,core_feature_match
tr_36cbf087f830,feat_fen,https://www.chessprogramming.org/Acknowledgments,Acknowledgments,Special Thanks [ edit ] to Wikipedia Wikimedia Commons Wikibooks Scholarpedia MediaWiki Extension:FenTT - MediaWiki Wayback Machine YouTube Videos The Computer History Museum Russian Virtual Computer Museum Rutherford Ap,1.0,core_feature_match
tr_e62cb9cd93bd,feat_epd,https://www.chessprogramming.org/Board_Representation,Board Representation,Move Generation Perft Make and Unmake [ edit ] Incremental Updates Copy-Make Make Move Unmake Move Bitboard Update By Move See Also [ edit ] Array of Nibbles Attack and Defend Maps Chess Position Extended Position Descri,0.92,core_feature_match
tr_5a467fe96b87,feat_null_move_pruning,https://www.chessprogramming.org/Advances_in_Computer_Chess_5,Advances in Computer Chess 5,"Photos [ edit ] During [ edit ] Don Beal on Null Move [5] Jonathan Schaeffer on Conspiracy Numbers [6] Between [ edit ] Hans Berliner , Hermann Kaindl , Helmut Horacek , Adriaan de Groot and Reiner Seidel [7] Lectures [",0.92,core_feature_match
tr_2237115a138c,feat_late_move_pruning,https://www.chessprogramming.org/Arasan,Arasan,"PEXT/PDEP Bitboards [ edit ] Arasan 20.3 , released in November 2017, performs PEXT/PDEP Bitboards if compiled for the BMI2 instruction set [10] to replace Fancy Magic Bitboards in looking up sliding piece attacks [11] S",0.92,core_feature_match
tr_ee3b4d0a0285,feat_probcut,https://www.chessprogramming.org/Advances_in_Computer_Games_10,Advances in Computer Games 10,First Experimental Results of ProbCut Applied to Chess .,1.0,core_feature_match
