variant_name,source_kind,role,config_path,binary_path,selected_feature_count,selected_features,board_family,search_tier,eval_tier,feature_count_bin,stratum,derive_build_sec,perft_sec,correctness_sec,total_sec,uci_smoke,uci_smoke_error,perft_pass,correctness_pass,screen_pass,derive_selected_count,perft_d1,perft_d2,perft_d3,perft_d4,perft_d5,perft_d6,shortlist_reason
phase1_minimax,control,worst_preset,/Users/mathieuacher/SANDBOX/chessprogramming-vm/c_engine_pl/variants/phase1_minimax.json,outputs/stratified_variant_experiment_n100_perft6/variant_bins/phase1_minimax,15,Bitboards|Castling|En Passant|Evaluation|FEN|Fifty-Move Rule|Legal Move Generation|Make Move|Minimax|Move Generation|Move Ordering|Quiescence Search|Threefold Repetition|UCI|Unmake Move,Bitboards,minimax,material_eval,low,Bitboards__minimax__material_eval,0.451,3.47,0.154,4.075,PASS,,PASS,PASS,PASS,15,20,400,8902,197281,4865609,119060324,fixed_control
phase2_10x12_ab_pvs_id,control,reference_random,/Users/mathieuacher/SANDBOX/chessprogramming-vm/c_engine_pl/variants/phase2_10x12_ab_pvs_id.json,outputs/stratified_variant_experiment_n100_perft6/variant_bins/phase2_10x12_ab_pvs_id,22,10x12 Board|Alpha-Beta|Castling|En Passant|Evaluation|FEN|Fifty-Move Rule|Hash Move|Iterative Deepening|Legal Move Generation|Make Move|Move Generation|Move Ordering|Negamax|Piece-Square Tables|Principal Variation Search|Quiescence Search|Threefold Repetition|Transposition Table|UCI|Unmake Move|Zobrist Hashing,10x12 Board,pvs_id,pst_eval,medium,10x12 Board__pvs_id__pst_eval,0.394,1.745,0.01,2.149,PASS,,PASS,PASS,PASS,22,20,400,8902,197281,4865609,119060324,fixed_control
phase3_full_eval,control,best_preset,/Users/mathieuacher/SANDBOX/chessprogramming-vm/c_engine_pl/variants/phase3_full_eval.json,outputs/stratified_variant_experiment_n100_perft6/variant_bins/phase3_full_eval,37,Alpha-Beta|Bishop Pair|Bitboards|Castling|Connected Pawn|Doubled Pawn|En Passant|Evaluation|FEN|Fifty-Move Rule|Hash Move|Isolated Pawn|Iterative Deepening|King Activity|King Pressure|King Shelter|Legal Move Generation|Make Move|Mobility|Move Generation|Move Ordering|Negamax|Passed Pawn|Pawn Hash Table|Piece-Square Tables|Principal Variation Search|Quiescence Search|Replacement Schemes|Rook on Open File|Rook Semi-Open File|Static Exchange Evaluation|Tapered Eval|Threefold Repetition|Transposition Table|UCI|Unmake Move|Zobrist Hashing,Bitboards,pvs_id,rich_eval,high,Bitboards__pvs_id__rich_eval,0.492,3.285,0.015,3.792,PASS,,PASS,PASS,PASS,37,20,400,8902,197281,4865609,119060324,fixed_control
strong_variant_02,control,best_empirical,/Users/mathieuacher/SANDBOX/chessprogramming-vm/outputs/improved_variants/strong_variant_02.json,outputs/stratified_variant_experiment_n100_perft6/variant_bins/strong_variant_02,38,Alpha-Beta|Bitboards|Castling|Connected Pawn|Doubled Pawn|En Passant|Evaluation|FEN|Fifty-Move Rule|Futility Pruning|Hash Move|History Heuristic|Isolated Pawn|Iterative Deepening|Killer Heuristic|King Pressure|King Shelter|Late Move Reductions|Legal Move Generation|Magic Bitboards|Make Move|Mobility|Move Generation|Move Ordering|Negamax|Null Move Pruning|Passed Pawn|Piece-Square Tables|Principal Variation Search|Quiescence Search|Replacement Schemes|Static Exchange Evaluation|Threefold Repetition|Time Management|Transposition Table|UCI|Unmake Move|Zobrist Hashing,Bitboards,pruning_full,rich_eval,high,Bitboards__pruning_full__rich_eval,0.507,2.994,0.061,3.562,PASS,,PASS,PASS,PASS,38,20,400,8902,197281,4865609,119060324,fixed_control
stratified_variant_45,random_sample,sampled,outputs/stratified_variant_experiment_n100_perft6/sample_configs/stratified_variant_45.json,outputs/stratified_variant_experiment_n100_perft6/variant_bins/stratified_variant_45,28,0x88|Alpha-Beta|Castling|Delta Pruning|Doubled Pawn|En Passant|Evaluation|FEN|Fifty-Move Rule|Futility Pruning|History Heuristic|Isolated Pawn|Killer Heuristic|King Pressure|King Shelter|Late Move Reductions|Legal Move Generation|Make Move|Move Generation|Move Ordering|Negamax|Piece Lists|Quiescence Search|Rook Semi-Open File|Threefold Repetition|UCI|Unmake Move|Zobrist Hashing,0x88,alpha_beta,rich_eval,medium,0x88__alpha_beta__rich_eval,0.451,1.461,0.009,1.922,PASS,,PASS,PASS,PASS,28,20,400,8902,197281,4865609,119060324,stratified_fast
stratified_variant_78,random_sample,sampled,outputs/stratified_variant_experiment_n100_perft6/sample_configs/stratified_variant_78.json,outputs/stratified_variant_experiment_n100_perft6/variant_bins/stratified_variant_78,23,0x88|Alpha-Beta|Castling|Delta Pruning|En Passant|Evaluation|FEN|Fifty-Move Rule|Futility Pruning|Isolated Pawn|King Activity|King Shelter|Legal Move Generation|Make Move|Mobility|Move Generation|Negamax|Quiescence Search|Tapered Eval|Threefold Repetition|Transposition Table|UCI|Unmake Move,0x88,alpha_beta,rich_eval,medium,0x88__alpha_beta__rich_eval,0.417,1.885,0.03,2.332,PASS,,PASS,PASS,PASS,23,20,400,8902,197281,4865609,119060324,stratified_mid
stratified_variant_04,random_sample,sampled,outputs/stratified_variant_experiment_n100_perft6/sample_configs/stratified_variant_04.json,outputs/stratified_variant_experiment_n100_perft6/variant_bins/stratified_variant_04,21,0x88|Alpha-Beta|Castling|En Passant|Evaluation|FEN|Fifty-Move Rule|Futility Pruning|Killer Heuristic|Legal Move Generation|Make Move|Minimax|Move Generation|Move Ordering|Piece Lists|Piece-Square Tables|Razoring|Threefold Repetition|Transposition Table|UCI|Unmake Move,0x88,minimax,pst_eval,medium,0x88__minimax__pst_eval,0.409,1.632,0.01,2.051,PASS,,PASS,PASS,PASS,21,20,400,8902,197281,4865609,119060324,stratified_fast
stratified_variant_82,random_sample,sampled,outputs/stratified_variant_experiment_n100_perft6/sample_configs/stratified_variant_82.json,outputs/stratified_variant_experiment_n100_perft6/variant_bins/stratified_variant_82,28,0x88|Alpha-Beta|Bishop Pair|Castling|Connected Pawn|En Passant|Evaluation|FEN|Fifty-Move Rule|Iterative Deepening|Legal Move Generation|Make Move|Minimax|Move Generation|Null Move Pruning|Passed Pawn|Pawn Hash Table|Piece Lists|Piece-Square Tables|Pondering|Principal Variation Search|Pseudo-Legal Move Generation|Quiescence Search|Razoring|Threefold Repetition|UCI|Unmake Move|Zobrist Hashing,0x88,minimax,rich_eval,medium,0x88__minimax__rich_eval,0.452,1.546,0.015,2.013,PASS,,PASS,PASS,PASS,28,20,400,8902,197281,4865609,119060324,stratified_fast
stratified_variant_66,random_sample,sampled,outputs/stratified_variant_experiment_n100_perft6/sample_configs/stratified_variant_66.json,outputs/stratified_variant_experiment_n100_perft6/variant_bins/stratified_variant_66,27,0x88|Alpha-Beta|Castling|Connected Pawn|En Passant|Evaluation|FEN|Fifty-Move Rule|Futility Pruning|Killer Heuristic|King Activity|Legal Move Generation|Make Move|Minimax|Move Generation|Move Ordering|Null Move Pruning|Opening Book|Pondering|Principal Variation Search|Replacement Schemes|Rook on Open File|Tapered Eval|Threefold Repetition|Transposition Table|UCI|Unmake Move,0x88,minimax,rich_eval,medium,0x88__minimax__rich_eval,0.454,1.874,0.01,2.338,PASS,,PASS,PASS,PASS,27,20,400,8902,197281,4865609,119060324,stratified_mid
stratified_variant_98,random_sample,sampled,outputs/stratified_variant_experiment_n100_perft6/sample_configs/stratified_variant_98.json,outputs/stratified_variant_experiment_n100_perft6/variant_bins/stratified_variant_98,29,0x88|Alpha-Beta|Aspiration Windows|Castling|Copy-Make|Doubled Pawn|En Passant|Evaluation|FEN|Fifty-Move Rule|Hash Move|History Heuristic|Killer Heuristic|King Activity|King Shelter|Legal Move Generation|Make Move|Minimax|Mobility|Move Generation|Move Ordering|Null Move Pruning|Opening Book|Pondering|Tapered Eval|Threefold Repetition|Transposition Table|UCI|Unmake Move,0x88,minimax,rich_eval,medium,0x88__minimax__rich_eval,0.462,2.808,0.011,3.281,PASS,,PASS,PASS,PASS,29,20,400,8902,197281,4865609,119060324,stratified_slow
stratified_variant_28,random_sample,sampled,outputs/stratified_variant_experiment_n100_perft6/sample_configs/stratified_variant_28.json,outputs/stratified_variant_experiment_n100_perft6/variant_bins/stratified_variant_28,27,0x88|Alpha-Beta|Castling|Doubled Pawn|En Passant|Evaluation|FEN|Fifty-Move Rule|Isolated Pawn|Iterative Deepening|Killer Heuristic|Late Move Reductions|Legal Move Generation|Make Move|Minimax|Move Generation|Move Ordering|Null Move Pruning|Piece Lists|Piece-Square Tables|Pondering|Pseudo-Legal Move Generation|Quiescence Search|Razoring|Threefold Repetition|UCI|Unmake Move,0x88,minimax,structural_eval,medium,0x88__minimax__structural_eval,0.424,1.582,0.009,2.015,PASS,,PASS,PASS,PASS,27,20,400,8902,197281,4865609,119060324,stratified_fast
stratified_variant_97,random_sample,sampled,outputs/stratified_variant_experiment_n100_perft6/sample_configs/stratified_variant_97.json,outputs/stratified_variant_experiment_n100_perft6/variant_bins/stratified_variant_97,29,0x88|Bishop Pair|Castling|Connected Pawn|Doubled Pawn|En Passant|Evaluation|FEN|Fifty-Move Rule|Hash Move|History Heuristic|Isolated Pawn|King Activity|King Pressure|King Shelter|Legal Move Generation|Make Move|Move Generation|Move Ordering|Negamax|Passed Pawn|Razoring|Rook Semi-Open File|Tapered Eval|Threefold Repetition|Transposition Table|UCI|Unmake Move|Zobrist Hashing,0x88,negamax,rich_eval,medium,0x88__negamax__rich_eval,0.438,1.744,0.011,2.193,PASS,,PASS,PASS,PASS,29,20,400,8902,197281,4865609,119060324,stratified_mid
stratified_variant_65,random_sample,sampled,outputs/stratified_variant_experiment_n100_perft6/sample_configs/stratified_variant_65.json,outputs/stratified_variant_experiment_n100_perft6/variant_bins/stratified_variant_65,28,0x88|Castling|Connected Pawn|Copy-Make|Doubled Pawn|En Passant|Evaluation|FEN|Fifty-Move Rule|History Heuristic|Iterative Deepening|Killer Heuristic|Legal Move Generation|Make Move|Mobility|Move Generation|Move Ordering|Negamax|Passed Pawn|Pawn Hash Table|Razoring|Replacement Schemes|Static Exchange Evaluation|Threefold Repetition|Transposition Table|UCI|Unmake Move|Zobrist Hashing,0x88,negamax,rich_eval,medium,0x88__negamax__rich_eval,0.483,2.671,0.012,3.166,PASS,,PASS,PASS,PASS,28,20,400,8902,197281,4865609,119060324,stratified_slow
stratified_variant_87,random_sample,sampled,outputs/stratified_variant_experiment_n100_perft6/sample_configs/stratified_variant_87.json,outputs/stratified_variant_experiment_n100_perft6/variant_bins/stratified_variant_87,26,0x88|Alpha-Beta|Castling|Delta Pruning|Doubled Pawn|En Passant|Evaluation|FEN|Fifty-Move Rule|King Activity|King Shelter|Legal Move Generation|Make Move|Mobility|Move Generation|Negamax|Opening Book|Passed Pawn|Piece Lists|Piece-Square Tables|Principal Variation Search|Quiescence Search|Tapered Eval|Threefold Repetition|UCI|Unmake Move,0x88,pruning_full,rich_eval,medium,0x88__pruning_full__rich_eval,0.479,1.579,0.018,2.077,PASS,,PASS,PASS,PASS,26,20,400,8902,197281,4865609,119060324,stratified_fast
stratified_variant_55,random_sample,sampled,outputs/stratified_variant_experiment_n100_perft6/sample_configs/stratified_variant_55.json,outputs/stratified_variant_experiment_n100_perft6/variant_bins/stratified_variant_55,25,0x88|Alpha-Beta|Castling|Delta Pruning|En Passant|Evaluation|FEN|Fifty-Move Rule|King Pressure|Legal Move Generation|Make Move|Move Generation|Negamax|Null Move Pruning|Opening Book|Pondering|Principal Variation Search|Quiescence Search|Razoring|Replacement Schemes|Threefold Repetition|Time Management|Transposition Table|UCI|Unmake Move,0x88,pruning_full,rich_eval,medium,0x88__pruning_full__rich_eval,0.429,1.916,0.019,2.364,PASS,,PASS,PASS,PASS,25,20,400,8902,197281,4865609,119060324,stratified_mid
stratified_variant_09,random_sample,sampled,outputs/stratified_variant_experiment_n100_perft6/sample_configs/stratified_variant_09.json,outputs/stratified_variant_experiment_n100_perft6/variant_bins/stratified_variant_09,29,0x88|Alpha-Beta|Aspiration Windows|Castling|Connected Pawn|Copy-Make|Delta Pruning|En Passant|Evaluation|FEN|Fifty-Move Rule|Iterative Deepening|Legal Move Generation|Make Move|Move Generation|Move Ordering|Negamax|Opening Book|Pawn Hash Table|Pondering|Quiescence Search|Razoring|Rook Semi-Open File|Static Exchange Evaluation|Threefold Repetition|Time Management|UCI|Unmake Move|Zobrist Hashing,0x88,pruning_full,rich_eval,medium,0x88__pruning_full__rich_eval,0.45,2.888,0.01,3.348,PASS,,PASS,PASS,PASS,29,20,400,8902,197281,4865609,119060324,stratified_slow
stratified_variant_43,random_sample,sampled,outputs/stratified_variant_experiment_n100_perft6/sample_configs/stratified_variant_43.json,outputs/stratified_variant_experiment_n100_perft6/variant_bins/stratified_variant_43,25,10x12 Board|Alpha-Beta|Castling|Connected Pawn|Doubled Pawn|En Passant|Evaluation|FEN|Fifty-Move Rule|Hash Move|Isolated Pawn|Legal Move Generation|Make Move|Move Generation|Move Ordering|Negamax|Piece Lists|Pondering|Razoring|Static Exchange Evaluation|Tapered Eval|Threefold Repetition|Transposition Table|UCI|Unmake Move,10x12 Board,alpha_beta,rich_eval,medium,10x12 Board__alpha_beta__rich_eval,0.434,1.592,0.01,2.036,PASS,,PASS,PASS,PASS,25,20,400,8902,197281,4865609,119060324,stratified_fast
stratified_variant_60,random_sample,sampled,outputs/stratified_variant_experiment_n100_perft6/sample_configs/stratified_variant_60.json,outputs/stratified_variant_experiment_n100_perft6/variant_bins/stratified_variant_60,27,10x12 Board|Alpha-Beta|Castling|Connected Pawn|Delta Pruning|En Passant|Evaluation|FEN|Fifty-Move Rule|King Pressure|King Shelter|Legal Move Generation|Make Move|Mobility|Move Generation|Move Ordering|Negamax|Opening Book|Piece-Square Tables|Pseudo-Legal Move Generation|Quiescence Search|Static Exchange Evaluation|Tapered Eval|Threefold Repetition|UCI|Unmake Move|Zobrist Hashing,10x12 Board,alpha_beta,rich_eval,medium,10x12 Board__alpha_beta__rich_eval,0.461,1.732,0.011,2.204,PASS,,PASS,PASS,PASS,27,20,400,8902,197281,4865609,119060324,stratified_mid
stratified_variant_17,random_sample,sampled,outputs/stratified_variant_experiment_n100_perft6/sample_configs/stratified_variant_17.json,outputs/stratified_variant_experiment_n100_perft6/variant_bins/stratified_variant_17,27,10x12 Board|Alpha-Beta|Aspiration Windows|Castling|Delta Pruning|En Passant|Evaluation|FEN|Fifty-Move Rule|History Heuristic|Isolated Pawn|Legal Move Generation|Make Move|Move Generation|Move Ordering|Negamax|Null Move Pruning|Pawn Hash Table|Pondering|Quiescence Search|Replacement Schemes|Static Exchange Evaluation|Threefold Repetition|Transposition Table|UCI|Unmake Move|Zobrist Hashing,10x12 Board,alpha_beta,rich_eval,medium,10x12 Board__alpha_beta__rich_eval,0.407,10.966,0.012,11.385,PASS,,PASS,PASS,PASS,27,20,400,8902,197281,4865609,119060324,stratified_slow
stratified_variant_61,random_sample,sampled,outputs/stratified_variant_experiment_n100_perft6/sample_configs/stratified_variant_61.json,outputs/stratified_variant_experiment_n100_perft6/variant_bins/stratified_variant_61,34,10x12 Board|Alpha-Beta|Castling|Doubled Pawn|En Passant|Evaluation|FEN|Fifty-Move Rule|Futility Pruning|History Heuristic|Isolated Pawn|Iterative Deepening|Legal Move Generation|Make Move|Minimax|Move Generation|Move Ordering|Opening Book|Passed Pawn|Pawn Hash Table|Piece Lists|Pondering|Principal Variation Search|Pseudo-Legal Move Generation|Quiescence Search|Replacement Schemes|Rook on Open File|Rook Semi-Open File|Static Exchange Evaluation|Threefold Repetition|Transposition Table|UCI|Unmake Move|Zobrist Hashing,10x12 Board,minimax,rich_eval,high,10x12 Board__minimax__rich_eval,0.497,1.714,0.012,2.223,PASS,,PASS,PASS,PASS,34,20,400,8902,197281,4865609,119060324,stratified_fast
stratified_variant_93,random_sample,sampled,outputs/stratified_variant_experiment_n100_perft6/sample_configs/stratified_variant_93.json,outputs/stratified_variant_experiment_n100_perft6/variant_bins/stratified_variant_93,27,10x12 Board|Alpha-Beta|Castling|Doubled Pawn|En Passant|Evaluation|FEN|Fifty-Move Rule|King Activity|King Shelter|Late Move Reductions|Legal Move Generation|Make Move|Minimax|Mobility|Move Generation|Opening Book|Passed Pawn|Pseudo-Legal Move Generation|Quiescence Search|Replacement Schemes|Tapered Eval|Threefold Repetition|Transposition Table|UCI|Unmake Move|Zobrist Hashing,10x12 Board,minimax,rich_eval,medium,10x12 Board__minimax__rich_eval,0.464,1.795,0.025,2.284,PASS,,PASS,PASS,PASS,27,20,400,8902,197281,4865609,119060324,stratified_mid
stratified_variant_07,random_sample,sampled,outputs/stratified_variant_experiment_n100_perft6/sample_configs/stratified_variant_07.json,outputs/stratified_variant_experiment_n100_perft6/variant_bins/stratified_variant_07,21,10x12 Board|Alpha-Beta|Castling|Doubled Pawn|En Passant|Evaluation|FEN|Fifty-Move Rule|Killer Heuristic|Late Move Reductions|Legal Move Generation|Make Move|Minimax|Move Generation|Move Ordering|Principal Variation Search|Replacement Schemes|Threefold Repetition|Transposition Table|UCI|Unmake Move,10x12 Board,minimax,structural_eval,medium,10x12 Board__minimax__structural_eval,0.401,1.917,0.011,2.329,PASS,,PASS,PASS,PASS,21,20,400,8902,197281,4865609,119060324,stratified_mid
stratified_variant_100,random_sample,sampled,outputs/stratified_variant_experiment_n100_perft6/sample_configs/stratified_variant_100.json,outputs/stratified_variant_experiment_n100_perft6/variant_bins/stratified_variant_100,33,10x12 Board|Bishop Pair|Castling|Doubled Pawn|En Passant|Evaluation|FEN|Fifty-Move Rule|History Heuristic|Isolated Pawn|Iterative Deepening|Killer Heuristic|King Activity|King Pressure|King Shelter|Legal Move Generation|Make Move|Move Generation|Move Ordering|Negamax|Pawn Hash Table|Piece Lists|Piece-Square Tables|Pondering|Pseudo-Legal Move Generation|Razoring|Rook on Open File|Rook Semi-Open File|Tapered Eval|Threefold Repetition|UCI|Unmake Move|Zobrist Hashing,10x12 Board,negamax,rich_eval,high,10x12 Board__negamax__rich_eval,0.464,1.492,0.011,1.967,PASS,,PASS,PASS,PASS,33,20,400,8902,197281,4865609,119060324,stratified_fast
stratified_variant_52,random_sample,sampled,outputs/stratified_variant_experiment_n100_perft6/sample_configs/stratified_variant_52.json,outputs/stratified_variant_experiment_n100_perft6/variant_bins/stratified_variant_52,28,10x12 Board|Bishop Pair|Castling|Connected Pawn|Delta Pruning|En Passant|Evaluation|FEN|Fifty-Move Rule|Isolated Pawn|King Shelter|Legal Move Generation|Make Move|Move Generation|Move Ordering|Negamax|Passed Pawn|Pawn Hash Table|Piece-Square Tables|Quiescence Search|Replacement Schemes|Tapered Eval|Threefold Repetition|Time Management|Transposition Table|UCI|Unmake Move|Zobrist Hashing,10x12 Board,negamax,rich_eval,medium,10x12 Board__negamax__rich_eval,0.408,1.733,0.122,2.263,PASS,,PASS,PASS,PASS,28,20,400,8902,197281,4865609,119060324,stratified_mid
stratified_variant_03,random_sample,sampled,outputs/stratified_variant_experiment_n100_perft6/sample_configs/stratified_variant_03.json,outputs/stratified_variant_experiment_n100_perft6/variant_bins/stratified_variant_03,28,10x12 Board|Alpha-Beta|Aspiration Windows|Castling|Connected Pawn|En Passant|Evaluation|FEN|Fifty-Move Rule|King Activity|King Shelter|Late Move Reductions|Legal Move Generation|Make Move|Move Generation|Negamax|Null Move Pruning|Piece Lists|Piece-Square Tables|Principal Variation Search|Pseudo-Legal Move Generation|Replacement Schemes|Tapered Eval|Threefold Repetition|Time Management|Transposition Table|UCI|Unmake Move,10x12 Board,pruning_full,rich_eval,medium,10x12 Board__pruning_full__rich_eval,0.432,1.592,0.01,2.033,PASS,,PASS,PASS,PASS,28,20,400,8902,197281,4865609,119060324,stratified_fast
stratified_variant_33,random_sample,sampled,outputs/stratified_variant_experiment_n100_perft6/sample_configs/stratified_variant_33.json,outputs/stratified_variant_experiment_n100_perft6/variant_bins/stratified_variant_33,29,10x12 Board|Alpha-Beta|Bishop Pair|Castling|En Passant|Evaluation|FEN|Fifty-Move Rule|Hash Move|History Heuristic|Iterative Deepening|Killer Heuristic|King Shelter|Legal Move Generation|Make Move|Mobility|Move Generation|Move Ordering|Negamax|Null Move Pruning|Opening Book|Passed Pawn|Pondering|Static Exchange Evaluation|Threefold Repetition|Time Management|Transposition Table|UCI|Unmake Move,10x12 Board,pruning_full,rich_eval,medium,10x12 Board__pruning_full__rich_eval,0.476,1.868,0.012,2.355,PASS,,PASS,PASS,PASS,29,20,400,8902,197281,4865609,119060324,stratified_mid
stratified_variant_27,random_sample,sampled,outputs/stratified_variant_experiment_n100_perft6/sample_configs/stratified_variant_27.json,outputs/stratified_variant_experiment_n100_perft6/variant_bins/stratified_variant_27,25,10x12 Board|Alpha-Beta|Castling|Connected Pawn|En Passant|Evaluation|FEN|Fifty-Move Rule|Hash Move|Iterative Deepening|King Activity|Legal Move Generation|Make Move|Mobility|Move Generation|Move Ordering|Negamax|Passed Pawn|Principal Variation Search|Rook on Open File|Tapered Eval|Threefold Repetition|Transposition Table|UCI|Unmake Move,10x12 Board,pvs_id,rich_eval,medium,10x12 Board__pvs_id__rich_eval,0.42,1.998,0.01,2.428,PASS,,PASS,PASS,PASS,25,20,400,8902,197281,4865609,119060324,stratified_mid
stratified_variant_69,random_sample,sampled,outputs/stratified_variant_experiment_n100_perft6/sample_configs/stratified_variant_69.json,outputs/stratified_variant_experiment_n100_perft6/variant_bins/stratified_variant_69,26,Alpha-Beta|Aspiration Windows|Bishop Pair|Bitboards|Castling|Connected Pawn|Delta Pruning|En Passant|Evaluation|FEN|Fifty-Move Rule|Isolated Pawn|King Shelter|Legal Move Generation|Magic Bitboards|Make Move|Mobility|Move Generation|Negamax|Pawn Hash Table|Pondering|Quiescence Search|Threefold Repetition|UCI|Unmake Move|Zobrist Hashing,Bitboards,alpha_beta,rich_eval,medium,Bitboards__alpha_beta__rich_eval,0.481,3.144,0.068,3.694,PASS,,PASS,PASS,PASS,26,20,400,8902,197281,4865609,119060324,stratified_slow
stratified_variant_21,random_sample,sampled,outputs/stratified_variant_experiment_n100_perft6/sample_configs/stratified_variant_21.json,outputs/stratified_variant_experiment_n100_perft6/variant_bins/stratified_variant_21,27,Alpha-Beta|Bitboards|Castling|Connected Pawn|Copy-Make|Delta Pruning|En Passant|Evaluation|FEN|Fifty-Move Rule|Futility Pruning|Killer Heuristic|Legal Move Generation|Make Move|Move Generation|Move Ordering|Negamax|Opening Book|Piece Lists|Piece-Square Tables|Quiescence Search|Razoring|Replacement Schemes|Threefold Repetition|Transposition Table|UCI|Unmake Move,Bitboards,alpha_beta,structural_eval,medium,Bitboards__alpha_beta__structural_eval,0.437,4.039,0.011,4.487,PASS,,PASS,PASS,PASS,27,20,400,8902,197281,4865609,119060324,stratified_slow
stratified_variant_57,random_sample,sampled,outputs/stratified_variant_experiment_n100_perft6/sample_configs/stratified_variant_57.json,outputs/stratified_variant_experiment_n100_perft6/variant_bins/stratified_variant_57,27,Alpha-Beta|Bitboards|Castling|Connected Pawn|Doubled Pawn|En Passant|Evaluation|FEN|Fifty-Move Rule|Hash Move|King Shelter|Legal Move Generation|Make Move|Minimax|Move Generation|Move Ordering|Opening Book|Passed Pawn|Pawn Hash Table|Piece Lists|Pseudo-Legal Move Generation|Static Exchange Evaluation|Threefold Repetition|Transposition Table|UCI|Unmake Move|Zobrist Hashing,Bitboards,minimax,rich_eval,medium,Bitboards__minimax__rich_eval,0.483,3.174,0.011,3.667,PASS,,PASS,PASS,PASS,27,20,400,8902,197281,4865609,119060324,stratified_slow
stratified_variant_10,random_sample,sampled,outputs/stratified_variant_experiment_n100_perft6/sample_configs/stratified_variant_10.json,outputs/stratified_variant_experiment_n100_perft6/variant_bins/stratified_variant_10,26,Alpha-Beta|Bitboards|Castling|Connected Pawn|Delta Pruning|Doubled Pawn|En Passant|Evaluation|FEN|Fifty-Move Rule|Killer Heuristic|Late Move Reductions|Legal Move Generation|Make Move|Minimax|Move Generation|Move Ordering|Null Move Pruning|Passed Pawn|Quiescence Search|Razoring|Threefold Repetition|Time Management|Transposition Table|UCI|Unmake Move,Bitboards,minimax,structural_eval,medium,Bitboards__minimax__structural_eval,0.433,25.467,0.01,25.911,PASS,,PASS,PASS,PASS,26,20,400,8902,197281,4865609,119060324,stratified_slow
stratified_variant_70,random_sample,sampled,outputs/stratified_variant_experiment_n100_perft6/sample_configs/stratified_variant_70.json,outputs/stratified_variant_experiment_n100_perft6/variant_bins/stratified_variant_70,25,Bitboards|Castling|Connected Pawn|Delta Pruning|En Passant|Evaluation|FEN|Fifty-Move Rule|Hash Move|King Pressure|Legal Move Generation|Make Move|Move Generation|Move Ordering|Negamax|Pawn Hash Table|Quiescence Search|Razoring|Replacement Schemes|Static Exchange Evaluation|Threefold Repetition|Transposition Table|UCI|Unmake Move|Zobrist Hashing,Bitboards,negamax,rich_eval,medium,Bitboards__negamax__rich_eval,0.435,3.271,0.483,4.189,PASS,,PASS,PASS,PASS,25,20,400,8902,197281,4865609,119060324,stratified_slow
stratified_variant_64,random_sample,sampled,outputs/stratified_variant_experiment_n100_perft6/sample_configs/stratified_variant_64.json,outputs/stratified_variant_experiment_n100_perft6/variant_bins/stratified_variant_64,32,Alpha-Beta|Aspiration Windows|Bishop Pair|Bitboards|Castling|En Passant|Evaluation|FEN|Fifty-Move Rule|Hash Move|Iterative Deepening|Killer Heuristic|King Activity|Late Move Reductions|Legal Move Generation|Magic Bitboards|Make Move|Move Generation|Move Ordering|Negamax|Null Move Pruning|Pawn Hash Table|Pondering|Principal Variation Search|Replacement Schemes|Static Exchange Evaluation|Tapered Eval|Threefold Repetition|Transposition Table|UCI|Unmake Move|Zobrist Hashing,Bitboards,pruning_full,rich_eval,high,Bitboards__pruning_full__rich_eval,0.483,3.004,0.059,3.547,PASS,,PASS,PASS,PASS,32,20,400,8902,197281,4865609,119060324,stratified_slow
stratified_variant_02,random_sample,sampled,outputs/stratified_variant_experiment_n100_perft6/sample_configs/stratified_variant_02.json,outputs/stratified_variant_experiment_n100_perft6/variant_bins/stratified_variant_02,24,Alpha-Beta|Bitboards|Castling|En Passant|Evaluation|FEN|Fifty-Move Rule|History Heuristic|Iterative Deepening|Late Move Reductions|Legal Move Generation|Magic Bitboards|Make Move|Move Generation|Move Ordering|Negamax|Passed Pawn|Razoring|Replacement Schemes|Threefold Repetition|Time Management|Transposition Table|UCI|Unmake Move,Bitboards,pruning_full,structural_eval,medium,Bitboards__pruning_full__structural_eval,0.456,3.112,0.058,3.627,PASS,,PASS,PASS,PASS,24,20,400,8902,197281,4865609,119060324,stratified_slow
stratified_variant_13,random_sample,sampled,outputs/stratified_variant_experiment_n100_perft6/sample_configs/stratified_variant_13.json,outputs/stratified_variant_experiment_n100_perft6/variant_bins/stratified_variant_13,28,Alpha-Beta|Bitboards|Castling|Connected Pawn|En Passant|Evaluation|FEN|Fifty-Move Rule|Hash Move|Iterative Deepening|King Activity|King Pressure|Legal Move Generation|Make Move|Move Generation|Move Ordering|Negamax|Opening Book|Principal Variation Search|Quiescence Search|Rook on Open File|Static Exchange Evaluation|Tapered Eval|Threefold Repetition|Time Management|Transposition Table|UCI|Unmake Move,Bitboards,pvs_id,rich_eval,medium,Bitboards__pvs_id__rich_eval,0.462,3.368,0.012,3.842,PASS,,PASS,PASS,PASS,28,20,400,8902,197281,4865609,119060324,stratified_slow
stratified_variant_42,random_sample,sampled,outputs/stratified_variant_experiment_n100_perft6/sample_configs/stratified_variant_42.json,outputs/stratified_variant_experiment_n100_perft6/variant_bins/stratified_variant_42,29,Alpha-Beta|Castling|Connected Pawn|Delta Pruning|Doubled Pawn|En Passant|Evaluation|FEN|Fifty-Move Rule|History Heuristic|Isolated Pawn|Killer Heuristic|King Pressure|Late Move Reductions|Legal Move Generation|Mailbox|Make Move|Mobility|Move Generation|Move Ordering|Negamax|Opening Book|Pawn Hash Table|Piece Lists|Quiescence Search|Threefold Repetition|UCI|Unmake Move|Zobrist Hashing,Mailbox,alpha_beta,rich_eval,medium,Mailbox__alpha_beta__rich_eval,0.436,1.536,0.01,1.982,PASS,,PASS,PASS,PASS,29,20,400,8902,197281,4865609,119060324,stratified_fast
stratified_variant_59,random_sample,sampled,outputs/stratified_variant_experiment_n100_perft6/sample_configs/stratified_variant_59.json,outputs/stratified_variant_experiment_n100_perft6/variant_bins/stratified_variant_59,25,Alpha-Beta|Aspiration Windows|Bishop Pair|Castling|Connected Pawn|Copy-Make|En Passant|Evaluation|FEN|Fifty-Move Rule|Futility Pruning|Legal Move Generation|Mailbox|Make Move|Move Generation|Negamax|Passed Pawn|Pawn Hash Table|Pondering|Rook on Open File|Threefold Repetition|Time Management|UCI|Unmake Move|Zobrist Hashing,Mailbox,alpha_beta,rich_eval,medium,Mailbox__alpha_beta__rich_eval,0.436,2.431,0.01,2.876,PASS,,PASS,PASS,PASS,25,20,400,8902,197281,4865609,119060324,stratified_mid
stratified_variant_91,random_sample,sampled,outputs/stratified_variant_experiment_n100_perft6/sample_configs/stratified_variant_91.json,outputs/stratified_variant_experiment_n100_perft6/variant_bins/stratified_variant_91,25,Alpha-Beta|Aspiration Windows|Castling|Doubled Pawn|En Passant|Evaluation|FEN|Fifty-Move Rule|History Heuristic|Isolated Pawn|King Shelter|Legal Move Generation|Mailbox|Make Move|Move Generation|Move Ordering|Negamax|Null Move Pruning|Piece-Square Tables|Replacement Schemes|Rook Semi-Open File|Threefold Repetition|Transposition Table|UCI|Unmake Move,Mailbox,alpha_beta,rich_eval,medium,Mailbox__alpha_beta__rich_eval,0.42,11.702,0.01,12.132,PASS,,PASS,PASS,PASS,25,20,400,8902,197281,4865609,119060324,stratified_slow
stratified_variant_29,random_sample,sampled,outputs/stratified_variant_experiment_n100_perft6/sample_configs/stratified_variant_29.json,outputs/stratified_variant_experiment_n100_perft6/variant_bins/stratified_variant_29,26,Alpha-Beta|Aspiration Windows|Castling|Copy-Make|Delta Pruning|En Passant|Evaluation|FEN|Fifty-Move Rule|History Heuristic|Legal Move Generation|Mailbox|Make Move|Move Generation|Move Ordering|Negamax|Passed Pawn|Piece Lists|Piece-Square Tables|Pseudo-Legal Move Generation|Quiescence Search|Razoring|Threefold Repetition|Transposition Table|UCI|Unmake Move,Mailbox,alpha_beta,structural_eval,medium,Mailbox__alpha_beta__structural_eval,0.447,2.343,0.012,2.802,PASS,,PASS,PASS,PASS,26,20,400,8902,197281,4865609,119060324,stratified_mid
stratified_variant_23,random_sample,sampled,outputs/stratified_variant_experiment_n100_perft6/sample_configs/stratified_variant_23.json,outputs/stratified_variant_experiment_n100_perft6/variant_bins/stratified_variant_23,21,Alpha-Beta|Castling|En Passant|Evaluation|FEN|Fifty-Move Rule|Futility Pruning|Hash Move|History Heuristic|Legal Move Generation|Mailbox|Make Move|Minimax|Move Generation|Move Ordering|Opening Book|Pondering|Threefold Repetition|Transposition Table|UCI|Unmake Move,Mailbox,minimax,material_eval,medium,Mailbox__minimax__material_eval,0.415,1.847,0.01,2.273,PASS,,PASS,PASS,PASS,21,20,400,8902,197281,4865609,119060324,stratified_mid
stratified_variant_18,random_sample,sampled,outputs/stratified_variant_experiment_n100_perft6/sample_configs/stratified_variant_18.json,outputs/stratified_variant_experiment_n100_perft6/variant_bins/stratified_variant_18,26,Alpha-Beta|Castling|En Passant|Evaluation|FEN|Fifty-Move Rule|Futility Pruning|Hash Move|Iterative Deepening|Late Move Reductions|Legal Move Generation|Mailbox|Make Move|Minimax|Move Generation|Move Ordering|Null Move Pruning|Piece Lists|Piece-Square Tables|Pseudo-Legal Move Generation|Replacement Schemes|Threefold Repetition|Transposition Table|UCI|Unmake Move|Zobrist Hashing,Mailbox,minimax,pst_eval,medium,Mailbox__minimax__pst_eval,0.42,1.557,0.01,1.987,PASS,,PASS,PASS,PASS,26,20,400,8902,197281,4865609,119060324,stratified_fast
stratified_variant_11,random_sample,sampled,outputs/stratified_variant_experiment_n100_perft6/sample_configs/stratified_variant_11.json,outputs/stratified_variant_experiment_n100_perft6/variant_bins/stratified_variant_11,34,Alpha-Beta|Aspiration Windows|Bishop Pair|Castling|Connected Pawn|En Passant|Evaluation|FEN|Fifty-Move Rule|Futility Pruning|Isolated Pawn|Killer Heuristic|King Pressure|Legal Move Generation|Mailbox|Make Move|Minimax|Move Generation|Move Ordering|Piece Lists|Piece-Square Tables|Pondering|Principal Variation Search|Quiescence Search|Razoring|Replacement Schemes|Static Exchange Evaluation|Tapered Eval|Threefold Repetition|Time Management|Transposition Table|UCI|Unmake Move|Zobrist Hashing,Mailbox,minimax,rich_eval,high,Mailbox__minimax__rich_eval,0.457,1.618,0.012,2.087,PASS,,PASS,PASS,PASS,34,20,400,8902,197281,4865609,119060324,stratified_fast
stratified_variant_72,random_sample,sampled,outputs/stratified_variant_experiment_n100_perft6/sample_configs/stratified_variant_72.json,outputs/stratified_variant_experiment_n100_perft6/variant_bins/stratified_variant_72,28,Alpha-Beta|Bishop Pair|Castling|Copy-Make|Delta Pruning|En Passant|Evaluation|FEN|Fifty-Move Rule|Iterative Deepening|Killer Heuristic|King Activity|King Pressure|Legal Move Generation|Mailbox|Make Move|Minimax|Move Generation|Move Ordering|Null Move Pruning|Opening Book|Principal Variation Search|Quiescence Search|Tapered Eval|Threefold Repetition|Transposition Table|UCI|Unmake Move,Mailbox,minimax,rich_eval,medium,Mailbox__minimax__rich_eval,0.447,2.575,0.012,3.034,PASS,,PASS,PASS,PASS,28,20,400,8902,197281,4865609,119060324,stratified_mid
stratified_variant_39,random_sample,sampled,outputs/stratified_variant_experiment_n100_perft6/sample_configs/stratified_variant_39.json,outputs/stratified_variant_experiment_n100_perft6/variant_bins/stratified_variant_39,29,Alpha-Beta|Bishop Pair|Castling|Copy-Make|En Passant|Evaluation|FEN|Fifty-Move Rule|Futility Pruning|King Pressure|King Shelter|Legal Move Generation|Mailbox|Make Move|Minimax|Move Generation|Move Ordering|Null Move Pruning|Passed Pawn|Piece-Square Tables|Principal Variation Search|Razoring|Rook Semi-Open File|Static Exchange Evaluation|Tapered Eval|Threefold Repetition|Transposition Table|UCI|Unmake Move,Mailbox,minimax,rich_eval,medium,Mailbox__minimax__rich_eval,0.429,2.704,0.011,3.144,PASS,,PASS,PASS,PASS,29,20,400,8902,197281,4865609,119060324,stratified_slow
stratified_variant_50,random_sample,sampled,outputs/stratified_variant_experiment_n100_perft6/sample_configs/stratified_variant_50.json,outputs/stratified_variant_experiment_n100_perft6/variant_bins/stratified_variant_50,25,Alpha-Beta|Aspiration Windows|Castling|Delta Pruning|En Passant|Evaluation|FEN|Fifty-Move Rule|Futility Pruning|History Heuristic|Legal Move Generation|Mailbox|Make Move|Minimax|Move Generation|Move Ordering|Opening Book|Passed Pawn|Piece-Square Tables|Principal Variation Search|Quiescence Search|Threefold Repetition|UCI|Unmake Move|Zobrist Hashing,Mailbox,minimax,structural_eval,medium,Mailbox__minimax__structural_eval,0.421,1.578,0.01,2.009,PASS,,PASS,PASS,PASS,25,20,400,8902,197281,4865609,119060324,stratified_fast
stratified_variant_31,random_sample,sampled,outputs/stratified_variant_experiment_n100_perft6/sample_configs/stratified_variant_31.json,outputs/stratified_variant_experiment_n100_perft6/variant_bins/stratified_variant_31,30,Alpha-Beta|Castling|Connected Pawn|Delta Pruning|Doubled Pawn|En Passant|Evaluation|FEN|Fifty-Move Rule|Hash Move|History Heuristic|Iterative Deepening|Killer Heuristic|Legal Move Generation|Mailbox|Make Move|Minimax|Move Generation|Move Ordering|Opening Book|Passed Pawn|Piece Lists|Principal Variation Search|Pseudo-Legal Move Generation|Quiescence Search|Razoring|Threefold Repetition|Transposition Table|UCI|Unmake Move,Mailbox,minimax,structural_eval,medium,Mailbox__minimax__structural_eval,0.455,1.759,0.012,2.226,PASS,,PASS,PASS,PASS,30,20,400,8902,197281,4865609,119060324,stratified_mid
stratified_variant_63,random_sample,sampled,outputs/stratified_variant_experiment_n100_perft6/sample_configs/stratified_variant_63.json,outputs/stratified_variant_experiment_n100_perft6/variant_bins/stratified_variant_63,26,Castling|En Passant|Evaluation|FEN|Fifty-Move Rule|Hash Move|King Activity|King Pressure|Legal Move Generation|Mailbox|Make Move|Move Generation|Move Ordering|Negamax|Opening Book|Pawn Hash Table|Pondering|Razoring|Static Exchange Evaluation|Tapered Eval|Threefold Repetition|Time Management|Transposition Table|UCI|Unmake Move|Zobrist Hashing,Mailbox,negamax,rich_eval,medium,Mailbox__negamax__rich_eval,0.445,1.63,0.011,2.087,PASS,,PASS,PASS,PASS,26,20,400,8902,197281,4865609,119060324,stratified_fast
stratified_variant_46,random_sample,sampled,outputs/stratified_variant_experiment_n100_perft6/sample_configs/stratified_variant_46.json,outputs/stratified_variant_experiment_n100_perft6/variant_bins/stratified_variant_46,24,Castling|En Passant|Evaluation|FEN|Fifty-Move Rule|Iterative Deepening|King Pressure|King Shelter|Legal Move Generation|Mailbox|Make Move|Move Generation|Move Ordering|Negamax|Pondering|Pseudo-Legal Move Generation|Replacement Schemes|Rook Semi-Open File|Tapered Eval|Threefold Repetition|Time Management|Transposition Table|UCI|Unmake Move,Mailbox,negamax,rich_eval,medium,Mailbox__negamax__rich_eval,0.421,1.746,0.011,2.178,PASS,,PASS,PASS,PASS,24,20,400,8902,197281,4865609,119060324,stratified_mid
stratified_variant_58,random_sample,sampled,outputs/stratified_variant_experiment_n100_perft6/sample_configs/stratified_variant_58.json,outputs/stratified_variant_experiment_n100_perft6/variant_bins/stratified_variant_58,31,Alpha-Beta|Castling|Connected Pawn|Delta Pruning|En Passant|Evaluation|FEN|Fifty-Move Rule|Hash Move|Isolated Pawn|King Shelter|Late Move Reductions|Legal Move Generation|Mailbox|Make Move|Move Generation|Move Ordering|Negamax|Piece Lists|Piece-Square Tables|Principal Variation Search|Pseudo-Legal Move Generation|Quiescence Search|Rook on Open File|Tapered Eval|Threefold Repetition|Time Management|Transposition Table|UCI|Unmake Move|Zobrist Hashing,Mailbox,pruning_full,rich_eval,high,Mailbox__pruning_full__rich_eval,0.442,1.568,0.011,2.02,PASS,,PASS,PASS,PASS,31,20,400,8902,197281,4865609,119060324,stratified_fast
stratified_variant_90,random_sample,sampled,outputs/stratified_variant_experiment_n100_perft6/sample_configs/stratified_variant_90.json,outputs/stratified_variant_experiment_n100_perft6/variant_bins/stratified_variant_90,30,Alpha-Beta|Aspiration Windows|Castling|Copy-Make|Doubled Pawn|En Passant|Evaluation|FEN|Fifty-Move Rule|Hash Move|Iterative Deepening|King Activity|Legal Move Generation|Mailbox|Make Move|Mobility|Move Generation|Move Ordering|Negamax|Piece Lists|Piece-Square Tables|Pondering|Replacement Schemes|Static Exchange Evaluation|Tapered Eval|Threefold Repetition|Transposition Table|UCI|Unmake Move|Zobrist Hashing,Mailbox,pruning_full,rich_eval,medium,Mailbox__pruning_full__rich_eval,0.471,2.24,0.01,2.721,PASS,,PASS,PASS,PASS,30,20,400,8902,197281,4865609,119060324,stratified_mid
